condition,index_zero_based,host_lower_seconds,host_upper_seconds,uncertainty_seconds,allowance_seconds,reference_match_pass,raw_within_host,realtime_within_host,boottime_within_host,monotonic_low_seconds,monotonic_high_seconds,raw_seconds,realtime_seconds,boottime_seconds,start_cpu_before,start_cpu_after,end_cpu_before,end_cpu_after,start_read_span_ns,end_read_span_ns
A,0,2.9996745,3.0006698,0.0009953,0.035006697999999996,True,True,True,True,3.001811125,3.001811586,3.000198188,3.001811296,3.001811286,16,16,16,16,301,160
A,1,3.0001909,3.0012034,0.0010125,0.035012034000000004,True,True,True,True,3.001867596,3.001867916,3.000751769,3.001867756,3.001867755,16,16,16,16,160,160
A,2,3.0002674,3.001397,0.0011296,0.03501397,True,True,True,True,3.001641022,3.001641384,3.000881957,3.001641213,3.001641213,16,16,16,16,171,191
A,3,3.0005715,3.0015279,0.0009564,0.035015278999999996,True,True,True,True,3.001682065,3.001682486,3.001092236,3.001682325,3.001682315,16,16,16,16,161,260
A,4,3.0004732,3.0014152,0.000942,0.035014152,True,True,True,True,3.001499772,3.001500113,3.000943173,3.001499933,3.001499943,16,16,16,16,170,171
A,5,3.0007065,3.0016635,0.000957,0.035016635000000004,True,True,True,True,3.001647539,3.00164788,3.001198002,3.001647699,3.0016477,16,16,16,16,171,170
A,6,3.0002044,3.0011519,0.0009475,0.035011519,True,True,True,True,3.001472889,3.001473231,3.000683981,3.00147306,3.00147307,16,16,16,16,171,171
A,7,3.0003234,3.0012067,0.0008833,0.035012067,True,True,True,True,3.001721527,3.001721869,3.000797236,3.001721688,3.001721698,16,16,16,16,171,171
A,8,3.0004471,3.001331,0.0008839,0.035013310000000006,True,True,True,True,3.00183598,3.00183632,3.000919413,3.00183615,3.00183615,16,16,16,16,170,170
A,9,3.0010087,3.0018679,0.0008592,0.035018679,True,True,True,True,3.001456629,3.001456959,3.001436451,3.001456789,3.00145679,16,16,16,16,170,160
B,0,3.0028378,3.0037544,0.0009166,0.035037544,True,True,True,True,3.001627936,3.001628276,3.003337816,3.001628096,3.001628106,16,16,16,16,170,170
B,1,2.9200341,2.9209434,0.0009093,0.034209434000000004,False,True,False,False,3.001507735,3.00150809,2.920459798,3.001507913,3.001507927,16,16,17,17,171,184
B,2,2.8349221,2.8359733,0.0010512,0.033359733,False,True,False,False,3.001663284,3.001663628,2.835416878,3.001663461,3.001663446,17,17,17,17,174,170
B,3,3.0034836,3.0044,0.0009164,0.035044,True,True,True,True,3.001436409,3.00143675,3.003980707,3.001436569,3.001436569,17,17,17,17,171,170
B,4,3.0002695,3.0010714,0.0008019,0.035010714,True,True,True,True,3.001382276,3.001382627,3.000684402,3.001382456,3.001382446,17,17,16,16,181,170
B,5,2.9988703,2.9997684,0.0008981,0.034997684,True,True,True,True,3.001543183,3.001543514,2.999337845,3.001543354,3.001543353,16,16,16,16,160,171
B,6,3.0026047,3.0037416,0.0011369,0.035037416,True,True,True,True,3.001874148,3.001874499,3.00326594,3.001874329,3.001874339,16,16,16,16,160,191
B,7,2.9922123,2.9931655,0.0009532,0.034931655,True,True,True,True,3.001460362,3.001460693,2.99270348,3.001460532,3.001460522,16,16,16,16,171,160
B,8,3.001025,3.0020051,0.0009801,0.035020051,True,True,True,True,3.00157412,3.001574461,3.001529893,3.001574291,3.001574301,16,16,16,16,170,171
B,9,3.0001779,3.0010169,0.000839,0.035010169,True,True,True,True,3.00143641,3.001436752,3.000623827,3.001436581,3.001436581,16,16,16,16,171,171
C,0,2.9994935,3.0007796,0.0012861,0.035007796,True,True,True,True,3.002499906,3.002504508,3.000295143,3.002502273,3.002502182,16,16,16,16,2276,2326
C,1,3.0003662,3.0013379,0.0009717,0.035013379,True,True,True,True,3.002701142,3.002705433,3.000837921,3.002703467,3.002703607,16,16,16,16,2176,2115
C,2,3.0004398,3.0014416,0.0010018,0.035014416,True,True,True,True,3.001631883,3.001636011,3.000911315,3.001634067,3.001634117,16,16,16,16,2064,2064
C,3,3.0006548,3.0016094,0.0009546,0.035016094,True,True,True,True,3.001722387,3.001726295,3.001164699,3.001724642,3.001724792,16,16,16,16,1794,2114
C,4,3.0007133,3.0016544,0.0009411,0.035016544,True,True,True,True,3.001778393,3.00178229,3.001169658,3.001780637,3.001780798,16,16,16,16,1823,2074
D,0,3.002631,3.0035913,0.0009603,0.035035913,True,True,True,True,3.001556257,3.001556668,3.003134445,3.001556507,3.001556507,0,0,0,0,161,250
D,1,3.0009885,3.0018734,0.0008849,0.035018734,True,True,True,True,3.001489125,3.001489556,3.001418451,3.001489316,3.001489316,0,0,0,0,240,191
D,2,3.0021413,3.0030444,0.0009031,0.035030444,True,True,True,True,3.001596286,3.001596636,3.002614503,3.001596466,3.001596465,0,0,0,0,170,180
D,3,3.0030997,3.0041618,0.0010621,0.035041618,True,True,True,True,3.002329377,3.002329698,3.003672277,3.002329528,3.002329538,0,0,0,0,160,161
D,4,3.0006788,3.0017441,0.0010653,0.035017441,True,True,True,True,3.001805335,3.001805655,3.001270475,3.001805495,3.001805495,0,0,0,0,160,160
