result_id,group,member_count,score_ops_per_min,raw_sha256
SPECjvm2008.007,compiler,2,865.65,4ae651e312061d09760743ab9908129b633e9ce1e5b5b296c13d4a30605e05ad
SPECjvm2008.007,compress,1,551.55,4ae651e312061d09760743ab9908129b633e9ce1e5b5b296c13d4a30605e05ad
SPECjvm2008.007,crypto,3,676.52,4ae651e312061d09760743ab9908129b633e9ce1e5b5b296c13d4a30605e05ad
SPECjvm2008.007,derby,1,820.63,4ae651e312061d09760743ab9908129b633e9ce1e5b5b296c13d4a30605e05ad
SPECjvm2008.007,mpegaudio,1,452.38,4ae651e312061d09760743ab9908129b633e9ce1e5b5b296c13d4a30605e05ad
SPECjvm2008.007,scimark.large,5,90.84,4ae651e312061d09760743ab9908129b633e9ce1e5b5b296c13d4a30605e05ad
SPECjvm2008.007,scimark.small,5,928.13,4ae651e312061d09760743ab9908129b633e9ce1e5b5b296c13d4a30605e05ad
SPECjvm2008.007,serial,1,535,4ae651e312061d09760743ab9908129b633e9ce1e5b5b296c13d4a30605e05ad
SPECjvm2008.007,startup,17,26.74,4ae651e312061d09760743ab9908129b633e9ce1e5b5b296c13d4a30605e05ad
SPECjvm2008.007,sunflow,1,350.25,4ae651e312061d09760743ab9908129b633e9ce1e5b5b296c13d4a30605e05ad
SPECjvm2008.007,xml,2,1462.69,4ae651e312061d09760743ab9908129b633e9ce1e5b5b296c13d4a30605e05ad
SPECjvm2008.007,Composite,11,421.24,4ae651e312061d09760743ab9908129b633e9ce1e5b5b296c13d4a30605e05ad
