reference,result_url,metric,score_ops_per_min
Huawei RH 2285,https://www.spec.org/jvm2008/results/res2012q1/jvm2008-20111230-00013.base/SPECjvm2008.base.html,Composite,335.78
Huawei RH 2285,https://www.spec.org/jvm2008/results/res2012q1/jvm2008-20111230-00013.base/SPECjvm2008.base.html,compress,519.44
Huawei RH 2285,https://www.spec.org/jvm2008/results/res2012q1/jvm2008-20111230-00013.base/SPECjvm2008.base.html,derby,761.98
Huawei RH 2285,https://www.spec.org/jvm2008/results/res2012q1/jvm2008-20111230-00013.base/SPECjvm2008.base.html,sunflow,205.64
Huawei RH 2285,https://www.spec.org/jvm2008/results/res2012q1/jvm2008-20111230-00013.base/SPECjvm2008.base.html,crypto,522.70
Huawei RH 2285,https://www.spec.org/jvm2008/results/res2012q1/jvm2008-20111230-00013.base/SPECjvm2008.base.html,startup,24.85
Huawei RH 2285,https://www.spec.org/jvm2008/results/res2012q1/jvm2008-20111230-00013.base/SPECjvm2008.base.html,scimark.large,73.14
Sugon I620-G20,https://www.spec.org/jvm2008/results/res2015q1/jvm2008-20150120-00018.base/SPECjvm2008.base.html,Composite,853.15
Sugon I620-G20,https://www.spec.org/jvm2008/results/res2015q1/jvm2008-20150120-00018.base/SPECjvm2008.base.html,compress,1225.96
Sugon I620-G20,https://www.spec.org/jvm2008/results/res2015q1/jvm2008-20150120-00018.base/SPECjvm2008.base.html,derby,1705.74
Sugon I620-G20,https://www.spec.org/jvm2008/results/res2015q1/jvm2008-20150120-00018.base/SPECjvm2008.base.html,sunflow,491.28
Sugon I620-G20,https://www.spec.org/jvm2008/results/res2015q1/jvm2008-20150120-00018.base/SPECjvm2008.base.html,crypto,2876.14
Sugon I620-G20,https://www.spec.org/jvm2008/results/res2015q1/jvm2008-20150120-00018.base/SPECjvm2008.base.html,startup,37.86
Sugon I620-G20,https://www.spec.org/jvm2008/results/res2015q1/jvm2008-20150120-00018.base/SPECjvm2008.base.html,scimark.large,159.77
