result_id,workload,group,kind,benchmark_threads,warmup_duration_ms,warmup_operations,warmup_ops_per_min,measured_duration_ms,measured_operations,measured_ops_per_min,delta_ops_per_min,percent_change
SPECjvm2008.007,startup.helloworld,startup,startup,1,,,,256,1.0,234.38,,
SPECjvm2008.007,startup.compiler.compiler,startup,startup,1,,,,7298,1.0,8.22,,
SPECjvm2008.007,startup.compiler.sunflow,startup,startup,1,,,,6169,1.0,9.73,,
SPECjvm2008.007,startup.compress,startup,startup,1,,,,2003,1.0,29.96,,
SPECjvm2008.007,startup.crypto.aes,startup,startup,1,,,,3732,1.0,16.08,,
SPECjvm2008.007,startup.crypto.rsa,startup,startup,1,,,,1366,1.0,43.92,,
SPECjvm2008.007,startup.crypto.signverify,startup,startup,1,,,,1372,1.0,43.73,,
SPECjvm2008.007,startup.mpegaudio,startup,startup,1,,,,2813,1.0,21.33,,
SPECjvm2008.007,startup.scimark.fft,startup,startup,1,,,,1669,1.0,35.95,,
SPECjvm2008.007,startup.scimark.lu,startup,startup,1,,,,668,1.0,89.82,,
SPECjvm2008.007,startup.scimark.monte_carlo,startup,startup,1,,,,1323,1.0,45.35,,
SPECjvm2008.007,startup.scimark.sor,startup,startup,1,,,,2100,1.0,28.57,,
SPECjvm2008.007,startup.scimark.sparse,startup,startup,1,,,,1170,1.0,51.28,,
SPECjvm2008.007,startup.serial,startup,startup,1,,,,3178,1.0,18.88,,
SPECjvm2008.007,startup.sunflow,startup,startup,1,,,,1946,1.0,30.83,,
SPECjvm2008.007,startup.xml.transform,startup,startup,1,,,,29636,1.0,2.02,,
SPECjvm2008.007,startup.xml.validation,startup,startup,1,,,,3067,1.0,19.56,,
SPECjvm2008.007,compiler.compiler,compiler,throughput,16,120000,2492.5243550575333,1246.26,240000,5424.319066267126,1356.08,109.82,8.81
SPECjvm2008.007,compiler.sunflow,compiler,throughput,16,120000,1087.8151258447758,543.91,240000,2210.343207506793,552.59,8.68,1.60
SPECjvm2008.007,compress,compress,throughput,16,120000,1101.703367340736,550.85,240000,2206.2038360376805,551.55,0.70,0.13
SPECjvm2008.007,crypto.aes,crypto,throughput,16,120000,410.83328529882385,205.42,240000,827.558791965081,206.89,1.47,0.72
SPECjvm2008.007,crypto.rsa,crypto,throughput,16,120000,2550.6481555151213,1275.32,240000,5119.844730985968,1279.96,4.64,0.36
SPECjvm2008.007,crypto.signverify,crypto,throughput,16,120000,2339.5959547702037,1169.80,240000,4677.070284021363,1169.27,-0.53,-0.05
SPECjvm2008.007,derby,derby,throughput,16,120000,1613.2625910654933,806.63,240000,3282.5248808124775,820.63,14.00,1.74
SPECjvm2008.007,mpegaudio,mpegaudio,throughput,16,120000,904.8132601519615,452.41,240000,1809.5337725560482,452.38,-0.02,-0.01
SPECjvm2008.007,scimark.fft.large,scimark.large,throughput,16,120000,217.036890264062,108.52,240000,400.44739501469746,100.11,-8.41,-7.75
SPECjvm2008.007,scimark.lu.large,scimark.large,throughput,16,120000,31.437137411387177,15.72,240000,64.50073188445566,16.13,0.41,2.59
SPECjvm2008.007,scimark.sor.large,scimark.large,throughput,16,120000,139.26996643138295,69.63,240000,278.38262288545656,69.60,-0.04,-0.06
SPECjvm2008.007,scimark.sparse.large,scimark.large,throughput,16,120000,116.96043926646895,58.48,240000,231.75745460837453,57.94,-0.54,-0.92
SPECjvm2008.007,scimark.fft.small,scimark.small,throughput,16,120000,1389.0,694.50,240000,2836.0,709.00,14.50,2.09
SPECjvm2008.007,scimark.lu.small,scimark.small,throughput,16,120000,4901.0,2450.50,240000,9781.0,2445.25,-5.25,-0.21
SPECjvm2008.007,scimark.sor.small,scimark.small,throughput,16,120000,1024.0,512.00,240000,2055.0,513.75,1.75,0.34
SPECjvm2008.007,scimark.sparse.small,scimark.small,throughput,16,120000,1672.0,836.00,240000,3255.0,813.75,-22.25,-2.66
SPECjvm2008.007,scimark.monte_carlo,scimark.large;scimark.small,throughput,16,120000,1923.0,961.50,240000,3801.0,950.25,-11.25,-1.17
SPECjvm2008.007,serial,serial,throughput,16,120000,1060.0,530.00,240000,2140.0,535.00,5.00,0.94
SPECjvm2008.007,sunflow,sunflow,throughput,16,120000,690.037144832926,345.02,240000,1401.0,350.25,5.23,1.52
SPECjvm2008.007,xml.transform,xml,throughput,16,120000,2271.0,1135.50,240000,4619.0,1154.75,19.25,1.70
SPECjvm2008.007,xml.validation,xml,throughput,16,120000,3688.0,1844.00,240000,7411.0,1852.75,8.75,0.47
