relative_path,role,bytes,modified_utc,sha256
specjvm2008/results/SPECjvm2008.001/images/all.jpg,preserved-other-result,15261,2026-09-30T02:47:25+00:00,343362c2cbd2cb2055c3ec71aafdc80b0fa36dca192143b1155f731eacf77323
specjvm2008/results/SPECjvm2008.001/images/check.jpg,preserved-other-result,104415,2026-09-30T02:47:25+00:00,db5212b4ef300a9e26c78376ab7c878b8953b2f85ea8a5a7f0f0ae51b4c0deb1
specjvm2008/results/SPECjvm2008.001/images/check_results.jpg,preserved-other-result,13290,2026-09-30T02:47:25+00:00,e602508cf9331bba39134a5d3c0dff0a7ce2d13a2411ebed32db8b488270fab0
specjvm2008/results/SPECjvm2008.001/images/compress.jpg,preserved-other-result,142741,2026-09-30T02:47:25+00:00,860f4737de2e089c49c628e513c7e3483cf1e2f8732c7010e01dfa01554e7eff
specjvm2008/results/SPECjvm2008.001/images/compress_results.jpg,preserved-other-result,12495,2026-09-30T02:47:25+00:00,1930f6777c511e21d5dc4f7d7d608f18268849a33426a14df701e1dd1d8551cd
specjvm2008/results/SPECjvm2008.001/SPECjvm2008.001.html,preserved-other-result,20305,2026-09-30T02:47:25+00:00,af628adc24269eb65aa5b6102d6dc1ec725082372597a9238f84a9b259be8451
specjvm2008/results/SPECjvm2008.001/SPECjvm2008.001.raw,preserved-other-result,9012,2026-09-30T02:47:24+00:00,b011860618062d5b93a0cccf251bde46d2238052cd0a17cbb97f28b722f92fe1
specjvm2008/results/SPECjvm2008.001/SPECjvm2008.001.sub,preserved-other-result,2889,2026-09-30T02:47:25+00:00,187aa47690451f1ad9bea6412335d8eeecefadd294e503124afa6979a5490870
specjvm2008/results/SPECjvm2008.001/SPECjvm2008.001.summary,preserved-other-result,339,2026-09-30T02:47:25+00:00,b0cab232b7e554200e6725d772ce8191ad6e252587c6160a73bcbe982a32927f
specjvm2008/results/SPECjvm2008.001/SPECjvm2008.001.txt,preserved-other-result,5111,2026-09-30T02:47:25+00:00,b0ec361a3024b22625ca84abd4056a1e8cbfa28bdf272ea2e1c3963289418868
specjvm2008/results/SPECjvm2008.002/SPECjvm2008.002.raw,preserved-other-result,7590,2026-09-30T02:48:27+00:00,373b4c486b5922b1b0cd9bd251b9a8cf81ba3b3d740dd2f3b71af8c7b0fa97a5
specjvm2008/results/SPECjvm2008.003/images/all.jpg,preserved-other-result,0,2026-09-30T02:59:52+00:00,e3b0c44298fc1c149afbf4c8996fb92427ae41e4649b934ca495991b7852b855
specjvm2008/results/SPECjvm2008.003/images/check.jpg,preserved-other-result,0,2026-09-30T02:59:52+00:00,e3b0c44298fc1c149afbf4c8996fb92427ae41e4649b934ca495991b7852b855
specjvm2008/results/SPECjvm2008.003/images/check_results.jpg,preserved-other-result,0,2026-09-30T02:59:52+00:00,e3b0c44298fc1c149afbf4c8996fb92427ae41e4649b934ca495991b7852b855
specjvm2008/results/SPECjvm2008.003/images/startup.compiler.sunflow.jpg,preserved-other-result,0,2026-09-30T02:59:52+00:00,e3b0c44298fc1c149afbf4c8996fb92427ae41e4649b934ca495991b7852b855
specjvm2008/results/SPECjvm2008.003/images/startup.compiler.sunflow_results.jpg,preserved-other-result,0,2026-09-30T02:59:52+00:00,e3b0c44298fc1c149afbf4c8996fb92427ae41e4649b934ca495991b7852b855
specjvm2008/results/SPECjvm2008.003/SPECjvm2008.003.html,preserved-other-result,19919,2026-09-30T02:59:52+00:00,2ebca68b4c86915f6d1b226794888331244cff48c1c388ab635a6df1b1a1ad0d
specjvm2008/results/SPECjvm2008.003/SPECjvm2008.003.raw,preserved-other-result,6694,2026-09-30T02:59:52+00:00,e8abfcad2cb4bc653fd498b0d5a92d401f2cf5ae8604c80e86063ef518f64b07
specjvm2008/results/SPECjvm2008.003/SPECjvm2008.003.sub,preserved-other-result,2889,2026-09-30T02:59:52+00:00,5b7d07ab898f2b00359b776eee5574e32d956f4f2e24772ed757844ec2e6ef10
specjvm2008/results/SPECjvm2008.003/SPECjvm2008.003.summary,preserved-other-result,339,2026-09-30T02:59:52+00:00,193a388acc5ef54c6b9b8da299181adcc9ab581870506b0ea4619f405e8f1bea
specjvm2008/results/SPECjvm2008.003/SPECjvm2008.003.txt,preserved-other-result,4865,2026-09-30T02:59:52+00:00,c1f6f09d8d4930f14048e620ee970131afd68a671d5629b4decafbf8103a52cb
specjvm2008/results/SPECjvm2008.004/SPECjvm2008.004.raw,preserved-other-result,1757317,2026-09-30T07:02:30+00:00,712e9948d4a5a92500fca2853755cac38d44bc4cbdb8599c36a24a9d9c8cb5cd
specjvm2008/results/SPECjvm2008.005/images/all.jpg,preserved-other-result,0,2026-09-30T08:00:50+00:00,e3b0c44298fc1c149afbf4c8996fb92427ae41e4649b934ca495991b7852b855
specjvm2008/results/SPECjvm2008.005/images/check.jpg,preserved-other-result,0,2026-09-30T08:00:46+00:00,e3b0c44298fc1c149afbf4c8996fb92427ae41e4649b934ca495991b7852b855
specjvm2008/results/SPECjvm2008.005/images/check_results.jpg,preserved-other-result,0,2026-09-30T08:00:46+00:00,e3b0c44298fc1c149afbf4c8996fb92427ae41e4649b934ca495991b7852b855
specjvm2008/results/SPECjvm2008.005/images/compiler.compiler.jpg,preserved-other-result,0,2026-09-30T08:00:47+00:00,e3b0c44298fc1c149afbf4c8996fb92427ae41e4649b934ca495991b7852b855
specjvm2008/results/SPECjvm2008.005/images/compiler.compiler_results.jpg,preserved-other-result,0,2026-09-30T08:00:47+00:00,e3b0c44298fc1c149afbf4c8996fb92427ae41e4649b934ca495991b7852b855
specjvm2008/results/SPECjvm2008.005/images/compiler.sunflow.jpg,preserved-other-result,0,2026-09-30T08:00:47+00:00,e3b0c44298fc1c149afbf4c8996fb92427ae41e4649b934ca495991b7852b855
specjvm2008/results/SPECjvm2008.005/images/compiler.sunflow_results.jpg,preserved-other-result,0,2026-09-30T08:00:47+00:00,e3b0c44298fc1c149afbf4c8996fb92427ae41e4649b934ca495991b7852b855
specjvm2008/results/SPECjvm2008.005/images/compress.jpg,preserved-other-result,0,2026-09-30T08:00:47+00:00,e3b0c44298fc1c149afbf4c8996fb92427ae41e4649b934ca495991b7852b855
specjvm2008/results/SPECjvm2008.005/images/compress_results.jpg,preserved-other-result,0,2026-09-30T08:00:47+00:00,e3b0c44298fc1c149afbf4c8996fb92427ae41e4649b934ca495991b7852b855
specjvm2008/results/SPECjvm2008.005/images/crypto.aes.jpg,preserved-other-result,0,2026-09-30T08:00:48+00:00,e3b0c44298fc1c149afbf4c8996fb92427ae41e4649b934ca495991b7852b855
specjvm2008/results/SPECjvm2008.005/images/crypto.aes_results.jpg,preserved-other-result,0,2026-09-30T08:00:48+00:00,e3b0c44298fc1c149afbf4c8996fb92427ae41e4649b934ca495991b7852b855
specjvm2008/results/SPECjvm2008.005/images/crypto.rsa.jpg,preserved-other-result,0,2026-09-30T08:00:48+00:00,e3b0c44298fc1c149afbf4c8996fb92427ae41e4649b934ca495991b7852b855
specjvm2008/results/SPECjvm2008.005/images/crypto.rsa_results.jpg,preserved-other-result,0,2026-09-30T08:00:48+00:00,e3b0c44298fc1c149afbf4c8996fb92427ae41e4649b934ca495991b7852b855
specjvm2008/results/SPECjvm2008.005/images/crypto.signverify.jpg,preserved-other-result,0,2026-09-30T08:00:49+00:00,e3b0c44298fc1c149afbf4c8996fb92427ae41e4649b934ca495991b7852b855
specjvm2008/results/SPECjvm2008.005/images/crypto.signverify_results.jpg,preserved-other-result,0,2026-09-30T08:00:49+00:00,e3b0c44298fc1c149afbf4c8996fb92427ae41e4649b934ca495991b7852b855
specjvm2008/results/SPECjvm2008.005/images/derby.jpg,preserved-other-result,0,2026-09-30T08:00:49+00:00,e3b0c44298fc1c149afbf4c8996fb92427ae41e4649b934ca495991b7852b855
specjvm2008/results/SPECjvm2008.005/images/derby_results.jpg,preserved-other-result,0,2026-09-30T08:00:49+00:00,e3b0c44298fc1c149afbf4c8996fb92427ae41e4649b934ca495991b7852b855
specjvm2008/results/SPECjvm2008.005/images/mpegaudio.jpg,preserved-other-result,0,2026-09-30T08:00:49+00:00,e3b0c44298fc1c149afbf4c8996fb92427ae41e4649b934ca495991b7852b855
specjvm2008/results/SPECjvm2008.005/images/mpegaudio_results.jpg,preserved-other-result,0,2026-09-30T08:00:49+00:00,e3b0c44298fc1c149afbf4c8996fb92427ae41e4649b934ca495991b7852b855
specjvm2008/results/SPECjvm2008.005/images/scimark.fft.large.jpg,preserved-other-result,0,2026-09-30T08:00:49+00:00,e3b0c44298fc1c149afbf4c8996fb92427ae41e4649b934ca495991b7852b855
specjvm2008/results/SPECjvm2008.005/images/scimark.fft.large_results.jpg,preserved-other-result,0,2026-09-30T08:00:49+00:00,e3b0c44298fc1c149afbf4c8996fb92427ae41e4649b934ca495991b7852b855
specjvm2008/results/SPECjvm2008.005/images/startup.compiler.compiler.jpg,preserved-other-result,0,2026-09-30T08:00:46+00:00,e3b0c44298fc1c149afbf4c8996fb92427ae41e4649b934ca495991b7852b855
specjvm2008/results/SPECjvm2008.005/images/startup.compiler.compiler_results.jpg,preserved-other-result,0,2026-09-30T08:00:46+00:00,e3b0c44298fc1c149afbf4c8996fb92427ae41e4649b934ca495991b7852b855
specjvm2008/results/SPECjvm2008.005/images/startup.compiler.sunflow.jpg,preserved-other-result,0,2026-09-30T08:00:46+00:00,e3b0c44298fc1c149afbf4c8996fb92427ae41e4649b934ca495991b7852b855
specjvm2008/results/SPECjvm2008.005/images/startup.compiler.sunflow_results.jpg,preserved-other-result,0,2026-09-30T08:00:46+00:00,e3b0c44298fc1c149afbf4c8996fb92427ae41e4649b934ca495991b7852b855
specjvm2008/results/SPECjvm2008.005/images/startup.compress.jpg,preserved-other-result,0,2026-09-30T08:00:46+00:00,e3b0c44298fc1c149afbf4c8996fb92427ae41e4649b934ca495991b7852b855
specjvm2008/results/SPECjvm2008.005/images/startup.compress_results.jpg,preserved-other-result,0,2026-09-30T08:00:46+00:00,e3b0c44298fc1c149afbf4c8996fb92427ae41e4649b934ca495991b7852b855
specjvm2008/results/SPECjvm2008.005/images/startup.crypto.aes.jpg,preserved-other-result,0,2026-09-30T08:00:46+00:00,e3b0c44298fc1c149afbf4c8996fb92427ae41e4649b934ca495991b7852b855
specjvm2008/results/SPECjvm2008.005/images/startup.crypto.aes_results.jpg,preserved-other-result,0,2026-09-30T08:00:46+00:00,e3b0c44298fc1c149afbf4c8996fb92427ae41e4649b934ca495991b7852b855
specjvm2008/results/SPECjvm2008.005/images/startup.crypto.rsa.jpg,preserved-other-result,0,2026-09-30T08:00:46+00:00,e3b0c44298fc1c149afbf4c8996fb92427ae41e4649b934ca495991b7852b855
specjvm2008/results/SPECjvm2008.005/images/startup.crypto.rsa_results.jpg,preserved-other-result,0,2026-09-30T08:00:46+00:00,e3b0c44298fc1c149afbf4c8996fb92427ae41e4649b934ca495991b7852b855
specjvm2008/results/SPECjvm2008.005/images/startup.crypto.signverify.jpg,preserved-other-result,0,2026-09-30T08:00:46+00:00,e3b0c44298fc1c149afbf4c8996fb92427ae41e4649b934ca495991b7852b855
specjvm2008/results/SPECjvm2008.005/images/startup.crypto.signverify_results.jpg,preserved-other-result,0,2026-09-30T08:00:46+00:00,e3b0c44298fc1c149afbf4c8996fb92427ae41e4649b934ca495991b7852b855
specjvm2008/results/SPECjvm2008.005/images/startup.helloworld.jpg,preserved-other-result,0,2026-09-30T08:00:46+00:00,e3b0c44298fc1c149afbf4c8996fb92427ae41e4649b934ca495991b7852b855
specjvm2008/results/SPECjvm2008.005/images/startup.helloworld_results.jpg,preserved-other-result,0,2026-09-30T08:00:46+00:00,e3b0c44298fc1c149afbf4c8996fb92427ae41e4649b934ca495991b7852b855
specjvm2008/results/SPECjvm2008.005/images/startup.mpegaudio.jpg,preserved-other-result,0,2026-09-30T08:00:46+00:00,e3b0c44298fc1c149afbf4c8996fb92427ae41e4649b934ca495991b7852b855
specjvm2008/results/SPECjvm2008.005/images/startup.mpegaudio_results.jpg,preserved-other-result,0,2026-09-30T08:00:46+00:00,e3b0c44298fc1c149afbf4c8996fb92427ae41e4649b934ca495991b7852b855
specjvm2008/results/SPECjvm2008.005/images/startup.scimark.fft.jpg,preserved-other-result,0,2026-09-30T08:00:46+00:00,e3b0c44298fc1c149afbf4c8996fb92427ae41e4649b934ca495991b7852b855
specjvm2008/results/SPECjvm2008.005/images/startup.scimark.fft_results.jpg,preserved-other-result,0,2026-09-30T08:00:46+00:00,e3b0c44298fc1c149afbf4c8996fb92427ae41e4649b934ca495991b7852b855
specjvm2008/results/SPECjvm2008.005/images/startup.scimark.lu.jpg,preserved-other-result,0,2026-09-30T08:00:46+00:00,e3b0c44298fc1c149afbf4c8996fb92427ae41e4649b934ca495991b7852b855
specjvm2008/results/SPECjvm2008.005/images/startup.scimark.lu_results.jpg,preserved-other-result,0,2026-09-30T08:00:46+00:00,e3b0c44298fc1c149afbf4c8996fb92427ae41e4649b934ca495991b7852b855
specjvm2008/results/SPECjvm2008.005/images/startup.scimark.monte_carlo.jpg,preserved-other-result,0,2026-09-30T08:00:46+00:00,e3b0c44298fc1c149afbf4c8996fb92427ae41e4649b934ca495991b7852b855
specjvm2008/results/SPECjvm2008.005/images/startup.scimark.monte_carlo_results.jpg,preserved-other-result,0,2026-09-30T08:00:46+00:00,e3b0c44298fc1c149afbf4c8996fb92427ae41e4649b934ca495991b7852b855
specjvm2008/results/SPECjvm2008.005/images/startup.scimark.sor.jpg,preserved-other-result,0,2026-09-30T08:00:46+00:00,e3b0c44298fc1c149afbf4c8996fb92427ae41e4649b934ca495991b7852b855
specjvm2008/results/SPECjvm2008.005/images/startup.scimark.sor_results.jpg,preserved-other-result,0,2026-09-30T08:00:46+00:00,e3b0c44298fc1c149afbf4c8996fb92427ae41e4649b934ca495991b7852b855
specjvm2008/results/SPECjvm2008.005/images/startup.scimark.sparse.jpg,preserved-other-result,0,2026-09-30T08:00:46+00:00,e3b0c44298fc1c149afbf4c8996fb92427ae41e4649b934ca495991b7852b855
specjvm2008/results/SPECjvm2008.005/images/startup.scimark.sparse_results.jpg,preserved-other-result,0,2026-09-30T08:00:46+00:00,e3b0c44298fc1c149afbf4c8996fb92427ae41e4649b934ca495991b7852b855
specjvm2008/results/SPECjvm2008.005/images/startup.serial.jpg,preserved-other-result,0,2026-09-30T08:00:46+00:00,e3b0c44298fc1c149afbf4c8996fb92427ae41e4649b934ca495991b7852b855
specjvm2008/results/SPECjvm2008.005/images/startup.serial_results.jpg,preserved-other-result,0,2026-09-30T08:00:46+00:00,e3b0c44298fc1c149afbf4c8996fb92427ae41e4649b934ca495991b7852b855
specjvm2008/results/SPECjvm2008.005/images/startup.sunflow.jpg,preserved-other-result,0,2026-09-30T08:00:46+00:00,e3b0c44298fc1c149afbf4c8996fb92427ae41e4649b934ca495991b7852b855
specjvm2008/results/SPECjvm2008.005/images/startup.sunflow_results.jpg,preserved-other-result,0,2026-09-30T08:00:46+00:00,e3b0c44298fc1c149afbf4c8996fb92427ae41e4649b934ca495991b7852b855
specjvm2008/results/SPECjvm2008.005/images/startup.xml.transform.jpg,preserved-other-result,0,2026-09-30T08:00:46+00:00,e3b0c44298fc1c149afbf4c8996fb92427ae41e4649b934ca495991b7852b855
specjvm2008/results/SPECjvm2008.005/images/startup.xml.transform_results.jpg,preserved-other-result,0,2026-09-30T08:00:46+00:00,e3b0c44298fc1c149afbf4c8996fb92427ae41e4649b934ca495991b7852b855
specjvm2008/results/SPECjvm2008.005/images/startup.xml.validation.jpg,preserved-other-result,0,2026-09-30T08:00:46+00:00,e3b0c44298fc1c149afbf4c8996fb92427ae41e4649b934ca495991b7852b855
specjvm2008/results/SPECjvm2008.005/images/startup.xml.validation_results.jpg,preserved-other-result,0,2026-09-30T08:00:46+00:00,e3b0c44298fc1c149afbf4c8996fb92427ae41e4649b934ca495991b7852b855
specjvm2008/results/SPECjvm2008.005/SPECjvm2008.005.html,preserved-other-result,39791,2026-09-30T08:00:50+00:00,b1cc977cbb19cdbcab21a96dcb12eff39c91e22fa65564b691cb31bc3604fc6e
specjvm2008/results/SPECjvm2008.005/SPECjvm2008.005.raw,preserved-other-result,4330458,2026-09-30T08:00:45+00:00,1b7621b2624d7546b6cae520fe66994c1e87bc562734bee1b3edf8250160fa72
specjvm2008/results/SPECjvm2008.005/SPECjvm2008.005.sub,preserved-other-result,2873,2026-09-30T08:00:49+00:00,a09a62b23ed8138f2ba6b48784041af28a5b3068aebb4e4a607af4b99ed2e5c4
specjvm2008/results/SPECjvm2008.005/SPECjvm2008.005.summary,preserved-other-result,325,2026-09-30T08:00:49+00:00,b8a9a2b81c15196b5e2633ea5355a7aad288f764db8aa6a3304bca302530b02b
specjvm2008/results/SPECjvm2008.005/SPECjvm2008.005.txt,preserved-other-result,9328,2026-09-30T08:00:50+00:00,a7e1dc29fcda93bc48cb1b046168b4838a1e289d67887ed072a47bd304b082e1
specjvm2008/results/SPECjvm2008.006/images/all.jpg,preserved-other-result,0,2026-09-30T08:09:12+00:00,e3b0c44298fc1c149afbf4c8996fb92427ae41e4649b934ca495991b7852b855
specjvm2008/results/SPECjvm2008.006/images/check.jpg,preserved-other-result,0,2026-09-30T08:09:12+00:00,e3b0c44298fc1c149afbf4c8996fb92427ae41e4649b934ca495991b7852b855
specjvm2008/results/SPECjvm2008.006/images/check_results.jpg,preserved-other-result,0,2026-09-30T08:09:12+00:00,e3b0c44298fc1c149afbf4c8996fb92427ae41e4649b934ca495991b7852b855
specjvm2008/results/SPECjvm2008.006/images/scimark.fft.large.jpg,preserved-other-result,0,2026-09-30T08:09:12+00:00,e3b0c44298fc1c149afbf4c8996fb92427ae41e4649b934ca495991b7852b855
specjvm2008/results/SPECjvm2008.006/images/scimark.fft.large_results.jpg,preserved-other-result,0,2026-09-30T08:09:12+00:00,e3b0c44298fc1c149afbf4c8996fb92427ae41e4649b934ca495991b7852b855
specjvm2008/results/SPECjvm2008.006/SPECjvm2008.006.html,preserved-other-result,20338,2026-09-30T08:09:12+00:00,b655539f0632238cc055ba75a32a296dd0db723768c729345da2122d13a3ee36
specjvm2008/results/SPECjvm2008.006/SPECjvm2008.006.raw,preserved-other-result,10476,2026-09-30T08:09:11+00:00,00944753f89cdef760ab21ef555a590cd90c6995eee7250499e43562e667616e
specjvm2008/results/SPECjvm2008.006/SPECjvm2008.006.sub,preserved-other-result,2889,2026-09-30T08:09:12+00:00,b4182594e15aee610e75388beeef7ecf45812abd31194b4ebe002ee58657851a
specjvm2008/results/SPECjvm2008.006/SPECjvm2008.006.summary,preserved-other-result,339,2026-09-30T08:09:12+00:00,38f45f2e8956e725b5e091adde10aa433a78013a01ef54aaa0af4eb686b7df0c
specjvm2008/results/SPECjvm2008.006/SPECjvm2008.006.txt,preserved-other-result,5112,2026-09-30T08:09:12+00:00,29436fccd3028e5a0c5689b96ae3e40fd4825efd376037a35b45bb1701e92a8d
specjvm2008/results/SPECjvm2008.007/images/all.jpg,formal-base-result,38494,2026-09-30T10:26:56+00:00,17ebc714d92c2c96f5502d607ad06d0f8d04679abc593b136a1e6fef2883cfa4
specjvm2008/results/SPECjvm2008.007/images/check.jpg,formal-base-result,98886,2026-09-30T10:26:44+00:00,76856abd16fa77f6178443aa65f295a708ed2fb13877a1de541a0f0471062bb1
specjvm2008/results/SPECjvm2008.007/images/check_results.jpg,formal-base-result,15389,2026-09-30T10:26:44+00:00,ccca22f4bf15c044fd98b942c70b38a1261964dcf977396ccbed22fcf2c53a8a
specjvm2008/results/SPECjvm2008.007/images/compiler.compiler.jpg,formal-base-result,183294,2026-09-30T10:26:46+00:00,8df68c697cc227d82c7db890aadb9d536d301f36140caf21db967165cc854f76
specjvm2008/results/SPECjvm2008.007/images/compiler.compiler_results.jpg,formal-base-result,14269,2026-09-30T10:26:45+00:00,f941ce611d7315e46ad6c73b2a27820627c0f0f98b62274130f0415dacb7d9bd
specjvm2008/results/SPECjvm2008.007/images/compiler.sunflow.jpg,formal-base-result,222600,2026-09-30T10:26:46+00:00,f8c00808d83db1baa34875aa00c30e3c9d14d938e29e770fbe3d1dfef3fc73c1
specjvm2008/results/SPECjvm2008.007/images/compiler.sunflow_results.jpg,formal-base-result,14230,2026-09-30T10:26:46+00:00,99eacbdcf6cff1b4760c0f21e68404daea9fb7ac5cf21e13d6352c7208045743
specjvm2008/results/SPECjvm2008.007/images/compress.jpg,formal-base-result,208581,2026-09-30T10:26:46+00:00,85ccbdc55c21a410efcfccce7f871c9424ed46c8b4e6a3704a9f934ac1070eae
specjvm2008/results/SPECjvm2008.007/images/compress_results.jpg,formal-base-result,11370,2026-09-30T10:26:46+00:00,9a9be30076110444084d8d15a3fc585affd840585d1a10f27bc0eb9ebc08d448
specjvm2008/results/SPECjvm2008.007/images/crypto.aes.jpg,formal-base-result,223893,2026-09-30T10:26:47+00:00,4d7c34f34e72575a495ad4bbf5b245df08b3ff689b635d27071d1bcb98057793
specjvm2008/results/SPECjvm2008.007/images/crypto.aes_results.jpg,formal-base-result,11714,2026-09-30T10:26:46+00:00,83b730baa8661e2aaeda58574fe6b66df5fd505547f394e7e2d72849897df621
specjvm2008/results/SPECjvm2008.007/images/crypto.rsa.jpg,formal-base-result,223832,2026-09-30T10:26:47+00:00,a3f99f6b6a5290957128056d5419cb90c304161fdd05aaf3faec53a9acb6350d
specjvm2008/results/SPECjvm2008.007/images/crypto.rsa_results.jpg,formal-base-result,12154,2026-09-30T10:26:47+00:00,b85e9ba3f13391a72ddc964e88e05a9d4f7457469faa0db5cb8fbd5a41219baf
specjvm2008/results/SPECjvm2008.007/images/crypto.signverify.jpg,formal-base-result,234659,2026-09-30T10:26:48+00:00,4184c4c6c31f7a07240245af648434415b3040f0e21bf4e6025e119f1c754846
specjvm2008/results/SPECjvm2008.007/images/crypto.signverify_results.jpg,formal-base-result,16300,2026-09-30T10:26:48+00:00,390dd1bb4ae1442358728033265bf1effe962e7d13559ff292ec54b1dabcbca7
specjvm2008/results/SPECjvm2008.007/images/derby.jpg,formal-base-result,214383,2026-09-30T10:26:49+00:00,7ba0ea497533f21c51151bf9bd1ba7fcd0671c49e82c7be24dcdcec02e7a1558
specjvm2008/results/SPECjvm2008.007/images/derby_results.jpg,formal-base-result,14292,2026-09-30T10:26:48+00:00,6a76251766502e00d44e3013c963a8a7d2502dc66f4e050a9898c6419e94d7e5
specjvm2008/results/SPECjvm2008.007/images/mpegaudio.jpg,formal-base-result,185870,2026-09-30T10:26:49+00:00,14b6db368ba7e5edeacc5312496e11207b2a486f8b36f1afba5e0444b6baa811
specjvm2008/results/SPECjvm2008.007/images/mpegaudio_results.jpg,formal-base-result,14763,2026-09-30T10:26:49+00:00,33f337d9a4fa96b5228a64e85aa275d68368f5a61d5b803a71600f61b833847b
specjvm2008/results/SPECjvm2008.007/images/scimark.fft.large.jpg,formal-base-result,181050,2026-09-30T10:26:49+00:00,ad92cc86a96e6a83b47b916c4dcbac3a92dbc5610712c21bed309edd73f5ff59
specjvm2008/results/SPECjvm2008.007/images/scimark.fft.large_results.jpg,formal-base-result,12868,2026-09-30T10:26:49+00:00,9ff693e471884683607b56c3029136033131fce1668df01039e9905b58e72c14
specjvm2008/results/SPECjvm2008.007/images/scimark.fft.small.jpg,formal-base-result,202762,2026-09-30T10:26:49+00:00,3c2e635b01526c4bf92f57f01b42421c07abceb8a0b8d951b6c4e4c13d476865
specjvm2008/results/SPECjvm2008.007/images/scimark.fft.small_results.jpg,formal-base-result,14385,2026-09-30T10:26:49+00:00,a8b2abe4ef42e16f8ae886dad872d916c0d44190c881f8bee30364ec60aaeb99
specjvm2008/results/SPECjvm2008.007/images/scimark.lu.large.jpg,formal-base-result,184075,2026-09-30T10:26:49+00:00,31f35767c2eb5a47fad985e2a87014dbf235c9f0257dbf59df0f4f09ec9f13dd
specjvm2008/results/SPECjvm2008.007/images/scimark.lu.large_results.jpg,formal-base-result,15725,2026-09-30T10:26:49+00:00,82a4b13e3eb56743c85bb9cb25337ac9b1bfcc31c0c3cc23be24049197f9ae9d
specjvm2008/results/SPECjvm2008.007/images/scimark.lu.small.jpg,formal-base-result,252876,2026-09-30T10:26:52+00:00,39d220404a7043f99c24a620aef404a10126d85ca6ccb825c99d26a6b0095f40
specjvm2008/results/SPECjvm2008.007/images/scimark.lu.small_results.jpg,formal-base-result,12861,2026-09-30T10:26:52+00:00,fb6095e97e7b06e08f56b30d6f162b49db17fa2078ca14aaf8c235f8e4d546c3
specjvm2008/results/SPECjvm2008.007/images/scimark.monte_carlo.jpg,formal-base-result,263115,2026-09-30T10:26:54+00:00,77656e4fbfd464e64c6845f6f3eeb068b0f3558ae4ac282b782c16d4cef341c8
specjvm2008/results/SPECjvm2008.007/images/scimark.monte_carlo_results.jpg,formal-base-result,13915,2026-09-30T10:26:53+00:00,1c8417be0fcd971f87c7d28344532119538361990d1b0dc19afa958e1ec1decf
specjvm2008/results/SPECjvm2008.007/images/scimark.sor.large.jpg,formal-base-result,182757,2026-09-30T10:26:49+00:00,09bbef6e018714d995b251ef8426b8cd66bfa76485250099ba38229999774dfc
specjvm2008/results/SPECjvm2008.007/images/scimark.sor.large_results.jpg,formal-base-result,14836,2026-09-30T10:26:49+00:00,4ed450c5c1a28feac6306a91ae953d5044e021f45f7274a04b008cd778a4abd3
specjvm2008/results/SPECjvm2008.007/images/scimark.sor.small.jpg,formal-base-result,184511,2026-09-30T10:26:53+00:00,bd93a62f5d7d4d4e806115ee2c3aae90ad32decf721b984397d260bff55681b1
specjvm2008/results/SPECjvm2008.007/images/scimark.sor.small_results.jpg,formal-base-result,11813,2026-09-30T10:26:52+00:00,4372d8b35c697f9d464d5232b495279ca441dab7b5ee9dbd6a9b8fb84baecb64
specjvm2008/results/SPECjvm2008.007/images/scimark.sparse.large.jpg,formal-base-result,207776,2026-09-30T10:26:49+00:00,7b96a32abe1dd815d9f31a7a8e992593f69dff1a9b714b3615fcfb42c1b58f9b
specjvm2008/results/SPECjvm2008.007/images/scimark.sparse.large_results.jpg,formal-base-result,15812,2026-09-30T10:26:49+00:00,cd72c8e6ed70b10b787cbbce2b2039b3507d374c891ac39d16a7d64d4eece344
specjvm2008/results/SPECjvm2008.007/images/scimark.sparse.small.jpg,formal-base-result,248151,2026-09-30T10:26:53+00:00,a337478d3736ef52ccee5a87e243a4c28ba6c94d2ddf32e9725984985ae4db76
specjvm2008/results/SPECjvm2008.007/images/scimark.sparse.small_results.jpg,formal-base-result,12657,2026-09-30T10:26:53+00:00,c49e98e46cd0554f38f723b18e000d9deaa3f512c7fce69d46b409a8dec8379f
specjvm2008/results/SPECjvm2008.007/images/serial.jpg,formal-base-result,181529,2026-09-30T10:26:54+00:00,9ab872b5e0e7a1efb1bc2291ddada4ee03ed6b43e9a7a94476280413af6defcf
specjvm2008/results/SPECjvm2008.007/images/serial_results.jpg,formal-base-result,12082,2026-09-30T10:26:54+00:00,76b52e56dfa39ab2ea0ee78e0c3d31fd51ab822d8f241936d85a901e8179fd36
specjvm2008/results/SPECjvm2008.007/images/startup.compiler.compiler.jpg,formal-base-result,122075,2026-09-30T10:26:44+00:00,dd54ca3a24af5260378a7e0b8493a7c661bd94bcbf03f1e2ac787c29e7ed5239
specjvm2008/results/SPECjvm2008.007/images/startup.compiler.compiler_results.jpg,formal-base-result,13736,2026-09-30T10:26:44+00:00,1b8f1ac6b10f663344c6ab9761e1c4900d458f06b71aa5c5a8b0c9474c55ce0b
specjvm2008/results/SPECjvm2008.007/images/startup.compiler.sunflow.jpg,formal-base-result,107748,2026-09-30T10:26:44+00:00,93e590437c223f4911e91da45c9549afb635b8e2859061465997836954609178
specjvm2008/results/SPECjvm2008.007/images/startup.compiler.sunflow_results.jpg,formal-base-result,13591,2026-09-30T10:26:44+00:00,f9091566cb97964a7b8ee9275788d7b2aaa60fa6ecfd2eea5a46f700a8cb464b
specjvm2008/results/SPECjvm2008.007/images/startup.compress.jpg,formal-base-result,93166,2026-09-30T10:26:44+00:00,c6a536a54935db8e38f155028d82e6a618546d4468df57f0bcab7c9d8647748c
specjvm2008/results/SPECjvm2008.007/images/startup.compress_results.jpg,formal-base-result,13336,2026-09-30T10:26:44+00:00,59315879b520b602ca9b7e3eaa85710c7ffe8034bd8c2a4f8f008f9fd8c35d81
specjvm2008/results/SPECjvm2008.007/images/startup.crypto.aes.jpg,formal-base-result,79488,2026-09-30T10:26:44+00:00,19e9b02183acd15727ca2d4633cc1aca45c5007b91f60d5c011a1312e051a5e0
specjvm2008/results/SPECjvm2008.007/images/startup.crypto.aes_results.jpg,formal-base-result,14584,2026-09-30T10:26:44+00:00,c3aa9f14262e9975c495c3899368ac8bc3056a6a49e3b3ee5054137051ca3097
specjvm2008/results/SPECjvm2008.007/images/startup.crypto.rsa.jpg,formal-base-result,112300,2026-09-30T10:26:44+00:00,e87ac09e4ae7781f0ba09904f8542d46bb4349fe24379ae5adfea5ffcde3acf7
specjvm2008/results/SPECjvm2008.007/images/startup.crypto.rsa_results.jpg,formal-base-result,14103,2026-09-30T10:26:44+00:00,68bf7ee28472a924661963dc8faaf36ac07a43cdb18703deb80eb192b75bc620
specjvm2008/results/SPECjvm2008.007/images/startup.crypto.signverify.jpg,formal-base-result,113782,2026-09-30T10:26:44+00:00,18d82953a0aa76e4b1937e5fe79a581dc822503c6a0fba562b527c2a91a1bd24
specjvm2008/results/SPECjvm2008.007/images/startup.crypto.signverify_results.jpg,formal-base-result,13757,2026-09-30T10:26:44+00:00,07188e0d240a9de3ca864b6890bf09dc92c245bf00263645b4ac7f0e8095efe5
specjvm2008/results/SPECjvm2008.007/images/startup.helloworld.jpg,formal-base-result,107454,2026-09-30T10:26:44+00:00,3a548a5a777bbb7d1a245cb0c1451ea2b90c8d1dde67b481796f9699c151de19
specjvm2008/results/SPECjvm2008.007/images/startup.helloworld_results.jpg,formal-base-result,14768,2026-09-30T10:26:44+00:00,f9f56b40871ec8a1797c34aca70c7dec9bdacf1778a0b3a6ae8f51b1dce64ae1
specjvm2008/results/SPECjvm2008.007/images/startup.mpegaudio.jpg,formal-base-result,116854,2026-09-30T10:26:44+00:00,1a3bd1b96b82fdc0721192e09fea05f958c2fe7cdc48e066ea9109a47af396f2
specjvm2008/results/SPECjvm2008.007/images/startup.mpegaudio_results.jpg,formal-base-result,13649,2026-09-30T10:26:44+00:00,472743efc096c62f66f6292a0b7964267035adf4d0316d79922151e571c69f35
specjvm2008/results/SPECjvm2008.007/images/startup.scimark.fft.jpg,formal-base-result,84195,2026-09-30T10:26:44+00:00,e5f0fd70a442075e0084816eec2995625ff86fc1db062965b51cdf7509066746
specjvm2008/results/SPECjvm2008.007/images/startup.scimark.fft_results.jpg,formal-base-result,14678,2026-09-30T10:26:44+00:00,30c886f33bf8754c33bdf0d735c175a5aade2370dc2387e938d10862dad6b984
specjvm2008/results/SPECjvm2008.007/images/startup.scimark.lu.jpg,formal-base-result,111663,2026-09-30T10:26:45+00:00,e7f6415895b9c85346d916a68140e3608722a4477c1760ceb8794e8a1da7dbfb
specjvm2008/results/SPECjvm2008.007/images/startup.scimark.lu_results.jpg,formal-base-result,14043,2026-09-30T10:26:44+00:00,8d5cb95e23f71a803038224b5a7f22fc01a5ca214146b35babbdbd22ee2d03a5
specjvm2008/results/SPECjvm2008.007/images/startup.scimark.monte_carlo.jpg,formal-base-result,111490,2026-09-30T10:26:45+00:00,77f23bc7ad262a1189fcce7de6a726252e7320eedf12ffdbf3b5c0032e01d88f
specjvm2008/results/SPECjvm2008.007/images/startup.scimark.monte_carlo_results.jpg,formal-base-result,14055,2026-09-30T10:26:45+00:00,a5e965f405ce17dff608334dccae078049deb39f91772310284e09ef0403455e
specjvm2008/results/SPECjvm2008.007/images/startup.scimark.sor.jpg,formal-base-result,96454,2026-09-30T10:26:45+00:00,8810385225381c80945f9ab41024b040658bf937ad02ac3e7afe124e9e9626ee
specjvm2008/results/SPECjvm2008.007/images/startup.scimark.sor_results.jpg,formal-base-result,14543,2026-09-30T10:26:45+00:00,d7a5a20b0d1d2a51b61f2fa3d3c79d35464eaadc06f203e2c8342dee5bf1cb13
specjvm2008/results/SPECjvm2008.007/images/startup.scimark.sparse.jpg,formal-base-result,102376,2026-09-30T10:26:45+00:00,9b66d4f86fb954ca6e2ed3687eb90387fd26ef3f3fb069553d45582908ec8d16
specjvm2008/results/SPECjvm2008.007/images/startup.scimark.sparse_results.jpg,formal-base-result,13659,2026-09-30T10:26:45+00:00,9f564010e8e1834323c9e2cf1f5fac6785d717927c36ce5bd1bf764074068e30
specjvm2008/results/SPECjvm2008.007/images/startup.serial.jpg,formal-base-result,73372,2026-09-30T10:26:45+00:00,2de6227657c30f71f5056c8f9ca1a557501fc76e8b00e9ce01baa9f1fe1068e7
specjvm2008/results/SPECjvm2008.007/images/startup.serial_results.jpg,formal-base-result,13881,2026-09-30T10:26:45+00:00,5479eb53240c7c172dfc493cd2ddc40a63965970f455b968076288284b59d240
specjvm2008/results/SPECjvm2008.007/images/startup.sunflow.jpg,formal-base-result,92116,2026-09-30T10:26:45+00:00,5e4f64936abe8556db49c1266705ddde18dfa2094f64fb15e5c9e7871801301e
specjvm2008/results/SPECjvm2008.007/images/startup.sunflow_results.jpg,formal-base-result,14716,2026-09-30T10:26:45+00:00,9bfa2bbe76f15e404deb8e18b3a71d125d140e033ea789619b105e7655546f3d
specjvm2008/results/SPECjvm2008.007/images/startup.xml.transform.jpg,formal-base-result,125213,2026-09-30T10:26:45+00:00,4a7fcab74f61783b190f8b5d152a4cc4fc6cf54b10f41f9260fcfe4b728cc98b
specjvm2008/results/SPECjvm2008.007/images/startup.xml.transform_results.jpg,formal-base-result,13213,2026-09-30T10:26:45+00:00,ed70a3cd7e34964e3eca41d983e1d525d5279572b1e407e2b6756033fe6da6a9
specjvm2008/results/SPECjvm2008.007/images/startup.xml.validation.jpg,formal-base-result,123241,2026-09-30T10:26:45+00:00,4df9bcc08c6e2539b2669b27c9c6a20ef0ea656547194e4cb5576d99cd8bf3e7
specjvm2008/results/SPECjvm2008.007/images/startup.xml.validation_results.jpg,formal-base-result,14107,2026-09-30T10:26:45+00:00,636e5bf247c1bf90c4d33e2109c859ac1245fe4e307936aba02a8d0e6d42c005
specjvm2008/results/SPECjvm2008.007/images/sunflow.jpg,formal-base-result,221216,2026-09-30T10:26:54+00:00,9036c0963d5befd50eac339b6e80bfa0a6240c9642ff34177acc6caf12b2b473
specjvm2008/results/SPECjvm2008.007/images/sunflow_results.jpg,formal-base-result,11945,2026-09-30T10:26:54+00:00,673d55868929e2f34f5bc58e318c4718b3ff71548e6e822481523a991aa38f8c
specjvm2008/results/SPECjvm2008.007/images/xml.transform.jpg,formal-base-result,212840,2026-09-30T10:26:54+00:00,989d531d964774ade8218ec292f88aac47040310ccaea6dde492db63405bbf38
specjvm2008/results/SPECjvm2008.007/images/xml.transform_results.jpg,formal-base-result,15115,2026-09-30T10:26:54+00:00,ead9e52bd983db7a9389ceb88c57624b23a1b910f39f5b3772fc6363682b571e
specjvm2008/results/SPECjvm2008.007/images/xml.validation.jpg,formal-base-result,180765,2026-09-30T10:26:56+00:00,67a79640708d2e90e0c3f59e08888deff8f5e59f0891ef6f304929e4d18ff1ea
specjvm2008/results/SPECjvm2008.007/images/xml.validation_results.jpg,formal-base-result,14960,2026-09-30T10:26:56+00:00,1eb0849c49ba7578b5f80c292c5ace38071ff5ff29b37094170892bb71cc4660
specjvm2008/results/SPECjvm2008.007/SPECjvm2008.007.html,formal-base-result,51579,2026-09-30T10:26:56+00:00,5b7f7db4d7bbcf70f5376c2a864fc56a991b7d813a1716e51ed49b768fbce1dc
specjvm2008/results/SPECjvm2008.007/SPECjvm2008.007.raw,formal-base-result,9971573,2026-09-30T10:25:08+00:00,4ae651e312061d09760743ab9908129b633e9ce1e5b5b296c13d4a30605e05ad
specjvm2008/results/SPECjvm2008.007/SPECjvm2008.007.sub,formal-base-result,2892,2026-09-30T10:26:56+00:00,3ff1319cce76d51806d47d8d737d8d7637cdbf237e5908a880707ba80d50830f
specjvm2008/results/SPECjvm2008.007/SPECjvm2008.007.summary,formal-base-result,344,2026-09-30T10:26:56+00:00,38e2b3d1feebcc96f71132411503c7975b5c1b4ca5c730294b59e2e33bbb94cf
specjvm2008/results/SPECjvm2008.007/SPECjvm2008.007.txt,formal-base-result,11723,2026-09-30T10:26:56+00:00,5b7da52bf8f737f514a3d12dee394b8c824ddad80af46b8ac1c92b103c282a4e
specjvm2008/results/SPECjvm2008.008/images/all.jpg,original-repeat-result,16184,2026-09-30T12:02:52+00:00,75cca5cefd7deb63012ba9c0a1fbfe64084ba89ef010b1a060b8039e63720597
specjvm2008/results/SPECjvm2008.008/images/check.jpg,original-repeat-result,109665,2026-09-30T12:02:52+00:00,cb5e06f8c6bf87f0fd9e69c29ac9bfc9466c3846c78c9ce51de7ac60540e4f1d
specjvm2008/results/SPECjvm2008.008/images/check_results.jpg,original-repeat-result,14929,2026-09-30T12:02:52+00:00,918aa2af6289580e5adf61e6b25d5d623206c2708a823d5ccb668b16c4382b06
specjvm2008/results/SPECjvm2008.008/images/compress.jpg,original-repeat-result,202444,2026-09-30T12:02:52+00:00,a2da1ed5da1003aa40e445859d5a57a5bfb43661dbf921d5006d40a6cb367148
specjvm2008/results/SPECjvm2008.008/images/compress_results.jpg,original-repeat-result,12971,2026-09-30T12:02:52+00:00,c914dd1b8c0001ad82d97fd69fbdcfc25fe04349e4ef11ebbee5335eb60ad54f
specjvm2008/results/SPECjvm2008.008/SPECjvm2008.008.html,original-repeat-result,20214,2026-09-30T12:02:52+00:00,984c3ff6b64e2d87ba479b984eb826aa25cccd4dd9c9d3a8dde8fbbbe99a839a
specjvm2008/results/SPECjvm2008.008/SPECjvm2008.008.raw,original-repeat-result,353494,2026-09-30T11:48:42+00:00,4e2c933172ea15bb42d9731a79f238bca674074f9ab129aca431139a7a12f8e2
specjvm2008/results/SPECjvm2008.008/SPECjvm2008.008.sub,original-repeat-result,2890,2026-09-30T12:02:52+00:00,c8d392d263019ac3be46f592a2e168e93e3170bc9570f54af086aebc7716aa9c
specjvm2008/results/SPECjvm2008.008/SPECjvm2008.008.summary,original-repeat-result,340,2026-09-30T12:02:52+00:00,0af5fbb7ebe4d68fbea099648dfc992a9bad6d25c7ad10e50acaf974a192ce36
specjvm2008/results/SPECjvm2008.008/SPECjvm2008.008.txt,original-repeat-result,5002,2026-09-30T12:02:52+00:00,5389c628f86d4ae618e85605ebee9e0578de0a2880a1f6be9f0e42c6e053824b
specjvm2008/results/SPECjvm2008.009/images/all.jpg,original-repeat-result,16138,2026-09-30T12:02:54+00:00,cb386b8c795d902c29931d60d83a83da67e87ff7825e16eedad586ead7988042
specjvm2008/results/SPECjvm2008.009/images/check.jpg,original-repeat-result,106933,2026-09-30T12:02:54+00:00,106b5d55a15996892371e0d4443635ee9cec200e769eb031866e6a0289862ea1
specjvm2008/results/SPECjvm2008.009/images/check_results.jpg,original-repeat-result,13822,2026-09-30T12:02:54+00:00,e541e84a3370e5f9094ac7b09bb22a69dce010a5c9ac859ec616f677a60f9717
specjvm2008/results/SPECjvm2008.009/images/compress.jpg,original-repeat-result,203886,2026-09-30T12:02:54+00:00,16ba16c0bc3fb6923a121f9d392433c635c4abff01b1163c2f87a48d9fc317c6
specjvm2008/results/SPECjvm2008.009/images/compress_results.jpg,original-repeat-result,15498,2026-09-30T12:02:54+00:00,9a8057764dd41e38b28c2e6ae3250d8845faeb1f8f136d7eed8a1c0599e42646
specjvm2008/results/SPECjvm2008.009/SPECjvm2008.009.html,original-repeat-result,20214,2026-09-30T12:02:54+00:00,55a86931e7a42c239b427db0bec1676ef62486a2add135d5cf5ac4b96fec71cf
specjvm2008/results/SPECjvm2008.009/SPECjvm2008.009.raw,original-repeat-result,347136,2026-09-30T11:55:45+00:00,8495ce9f7d64c4dd8481383badf8a7a681452458b7f4322aec60ac1a668e615c
specjvm2008/results/SPECjvm2008.009/SPECjvm2008.009.sub,original-repeat-result,2890,2026-09-30T12:02:54+00:00,5b4b324a595373ac1c596f092dff114585f40f8545c4707596e048a9d5178272
specjvm2008/results/SPECjvm2008.009/SPECjvm2008.009.summary,original-repeat-result,340,2026-09-30T12:02:54+00:00,b16205afa111deefb20c970807311818240ffb2b0ddb16981f82a49a55792f2b
specjvm2008/results/SPECjvm2008.009/SPECjvm2008.009.txt,original-repeat-result,5002,2026-09-30T12:02:54+00:00,54296b9a7df3bb8f8a651b8c1b68673d281bcd8eb653eefc4b8192cc94d6acfb
specjvm2008/results/SPECjvm2008.010/images/all.jpg,original-repeat-result,15718,2026-09-30T12:02:57+00:00,8bee11e0e13cf8179ed117b53a9ef8f036b2d55697ffc93ac9e086e477fe490f
specjvm2008/results/SPECjvm2008.010/images/check.jpg,original-repeat-result,100911,2026-09-30T12:02:56+00:00,4364eeb58c7a59ecae14c6c6c44b140bc6a77ac6c87ce204b9e6b302982bfb52
specjvm2008/results/SPECjvm2008.010/images/check_results.jpg,original-repeat-result,14086,2026-09-30T12:02:56+00:00,172625fea5d08116168fe3760f99f2c20788cbe3d4577faffb75de05808650b7
specjvm2008/results/SPECjvm2008.010/images/compress.jpg,original-repeat-result,170605,2026-09-30T12:02:56+00:00,70761ded258b7721ff0a728edd6d68e337fc80c85deddc2df430a877fb1c3186
specjvm2008/results/SPECjvm2008.010/images/compress_results.jpg,original-repeat-result,12667,2026-09-30T12:02:56+00:00,e4debbac89aa21cb23b31181f2463f5daded648d9f48ef1035c61fbcecf5f48a
specjvm2008/results/SPECjvm2008.010/SPECjvm2008.010.html,original-repeat-result,20214,2026-09-30T12:02:57+00:00,09414a602bb0b3027450d1508f2bd839a2477236a181396388963047b33c1193
specjvm2008/results/SPECjvm2008.010/SPECjvm2008.010.raw,original-repeat-result,338457,2026-09-30T12:02:47+00:00,8f5f14acb15d3a2e16c6377b59a52b44359f0ee54e0e795715617cd5f5f08b7e
specjvm2008/results/SPECjvm2008.010/SPECjvm2008.010.sub,original-repeat-result,2890,2026-09-30T12:02:56+00:00,f4ab9b76fb2b4de4e566a5117ec7d860f8637500fda56b6e6373abd5f29a446c
specjvm2008/results/SPECjvm2008.010/SPECjvm2008.010.summary,original-repeat-result,340,2026-09-30T12:02:56+00:00,738ec9f6488894aceb310e3bd532986c6bb77fa4b901b43bc5014070fa440c14
specjvm2008/results/SPECjvm2008.010/SPECjvm2008.010.txt,original-repeat-result,5002,2026-09-30T12:02:57+00:00,4138db6a68168f2724e8d823cc918ea59f2f5441a557e09bd66a3274824831d9
specjvm2008/results/SPECjvm2008.011/images/all.jpg,preserved-other-result,15764,2026-09-30T12:28:32+00:00,6f0db25a95a2a59dce497d916cdfc2a16bf8ace5aba68e6f7324d82d21a1a379
specjvm2008/results/SPECjvm2008.011/images/check.jpg,preserved-other-result,118712,2026-09-30T12:28:31+00:00,00c5399f7947d8df6fe09685a41ee0221191042875f65f0bb8709f458682d1e0
specjvm2008/results/SPECjvm2008.011/images/check_results.jpg,preserved-other-result,14413,2026-09-30T12:28:31+00:00,7ab89fa879f2bf3e205eba003053b0782ef89d6d3a58453891dded3eb50b1066
specjvm2008/results/SPECjvm2008.011/images/compress.jpg,preserved-other-result,191700,2026-09-30T12:28:32+00:00,669cba8f0646345ed94013cfd2f0f81c7443a93f5c8346c9fc7063f8fcf754fe
specjvm2008/results/SPECjvm2008.011/images/compress_results.jpg,preserved-other-result,15748,2026-09-30T12:28:31+00:00,147d0bcdd7bc74deeb0e317e0e591ac65897f9bce233fe0ea2e4ed6a15de9942
specjvm2008/results/SPECjvm2008.011/SPECjvm2008.011.html,preserved-other-result,20214,2026-09-30T12:28:32+00:00,ef38936aa4831dc67fd5030456c36d99d3441c689afb69c53379c23bd9c1d821
specjvm2008/results/SPECjvm2008.011/SPECjvm2008.011.raw,preserved-other-result,328060,2026-09-30T12:21:22+00:00,f27951d74811228d088b6dbd1292a99e304a1a94e4d699b21d2a2eedeedde67c
specjvm2008/results/SPECjvm2008.011/SPECjvm2008.011.sub,preserved-other-result,2890,2026-09-30T12:28:32+00:00,e1da9b7aa92de9051e5c88538bc42de09db8bdb42e0ace996122783001b2830b
specjvm2008/results/SPECjvm2008.011/SPECjvm2008.011.summary,preserved-other-result,340,2026-09-30T12:28:32+00:00,875ac4fb9453d42e3724c23289414a61297c1e0d0c4f8b70bc4fff18cd56657f
specjvm2008/results/SPECjvm2008.011/SPECjvm2008.011.txt,preserved-other-result,5002,2026-09-30T12:28:32+00:00,30b13a148f2aa59b0858f49ba8db0536b4c72c034540cd80a696452669aaea81
specjvm2008/results/SPECjvm2008.012/images/all.jpg,preserved-other-result,15418,2026-09-30T12:28:33+00:00,9f5a4761c6156f1d3258ea1dbfc77897d7970e436ec9880ff312f9769fb74ab1
specjvm2008/results/SPECjvm2008.012/images/check.jpg,preserved-other-result,118918,2026-09-30T12:28:33+00:00,8a0568b53549d9267f7ef2f5b56e47bd69c7012b19f376e551fb9dd29d7aed2d
specjvm2008/results/SPECjvm2008.012/images/check_results.jpg,preserved-other-result,14281,2026-09-30T12:28:33+00:00,fa53daca845d9ac89d764631d564253e433a1ffd37c17d4f8c3f89bd3d0e255a
specjvm2008/results/SPECjvm2008.012/images/compress.jpg,preserved-other-result,182784,2026-09-30T12:28:33+00:00,2dd91dcf9040776292a84970a238ce4f2a628d26961d00bed2a710adcbcc375f
specjvm2008/results/SPECjvm2008.012/images/compress_results.jpg,preserved-other-result,14986,2026-09-30T12:28:33+00:00,dd11e6a5b39c44059c07cb993ff191b0a0da07c56dce24c0bd87cc351e895a31
specjvm2008/results/SPECjvm2008.012/SPECjvm2008.012.html,preserved-other-result,20213,2026-09-30T12:28:33+00:00,6ba91058a0b4fbf97658837728c123958f4cab3d4f8cf01c3cd38e5abdc417d8
specjvm2008/results/SPECjvm2008.012/SPECjvm2008.012.raw,preserved-other-result,302056,2026-09-30T12:28:28+00:00,a3cdf58e7dea8d41517010ce717cd45f137577ed24b84626d3cb499ce947d239
specjvm2008/results/SPECjvm2008.012/SPECjvm2008.012.sub,preserved-other-result,2890,2026-09-30T12:28:33+00:00,d07072fb64b23bf45ab39011e4b4585f073534fb768ab7ec8ebf01bfd5915172
specjvm2008/results/SPECjvm2008.012/SPECjvm2008.012.summary,preserved-other-result,340,2026-09-30T12:28:33+00:00,2740101c11f7583955bd1461f9e2d202565716d2a1558d3906c57b096a670003
specjvm2008/results/SPECjvm2008.012/SPECjvm2008.012.txt,preserved-other-result,5002,2026-09-30T12:28:33+00:00,3b85db939add26fa1774ef0425cb4f5bf54f4e4456426de206deec71c23da204
specjvm2008/results/SPECjvm2008.013/images/all.jpg,preserved-other-result,16116,2026-09-30T14:26:35+00:00,a133749ed3df74add38e73007fa316143cecaff0239d9897ddb23b93c20705b2
specjvm2008/results/SPECjvm2008.013/images/check.jpg,preserved-other-result,109665,2026-09-30T14:26:35+00:00,cb5e06f8c6bf87f0fd9e69c29ac9bfc9466c3846c78c9ce51de7ac60540e4f1d
specjvm2008/results/SPECjvm2008.013/images/check_results.jpg,preserved-other-result,14929,2026-09-30T14:26:35+00:00,918aa2af6289580e5adf61e6b25d5d623206c2708a823d5ccb668b16c4382b06
specjvm2008/results/SPECjvm2008.013/images/compress.jpg,preserved-other-result,198002,2026-09-30T14:26:35+00:00,b7ae6f6f34839d6c308ddd9afcdf94a4674ec27740404d74f2ff4e31e5a8fc4f
specjvm2008/results/SPECjvm2008.013/images/compress_results.jpg,preserved-other-result,12440,2026-09-30T14:26:35+00:00,29166873a8b0b349353587e1ec4661c85cd25feb957005787960910a2e08a9f2
specjvm2008/results/SPECjvm2008.013/SPECjvm2008.013.html,preserved-other-result,20214,2026-09-30T14:26:35+00:00,9dcb95102b80386c7bb14e52fd4c42a6d54be15d65631236c4c829567b01638e
specjvm2008/results/SPECjvm2008.013/SPECjvm2008.013.raw,preserved-other-result,347655,2026-09-30T14:19:31+00:00,a17e5f9977dc27895b12ccac7be95f9cc9d99c128cbf052e32f30f9ebf856c30
specjvm2008/results/SPECjvm2008.013/SPECjvm2008.013.sub,preserved-other-result,2890,2026-09-30T14:26:35+00:00,b57584a0b92e9f40be7cc3c53018392a15cc94633b105e52f652da80f664f340
specjvm2008/results/SPECjvm2008.013/SPECjvm2008.013.summary,preserved-other-result,340,2026-09-30T14:26:35+00:00,cb623eff0b38711599ed2e2f93cf7938104b14d4fc927628099d48b0e7d99675
specjvm2008/results/SPECjvm2008.013/SPECjvm2008.013.txt,preserved-other-result,5002,2026-09-30T14:26:35+00:00,f7f8ee76b43004d168670bd509bf7f8a8e69300d0649d732d99d8e9e05038af2
specjvm2008/results/SPECjvm2008.014/images/all.jpg,preserved-other-result,16203,2026-09-30T14:26:37+00:00,7755f5f4f1f38379ee5bbab4ac5583800f0c68ab8653ca317ef45e5531defad3
specjvm2008/results/SPECjvm2008.014/images/check.jpg,preserved-other-result,101956,2026-09-30T14:26:36+00:00,58d9c463939f8d63bb843e486de7db71e831d4909c46cfa2e857d8e8c7e193d4
specjvm2008/results/SPECjvm2008.014/images/check_results.jpg,preserved-other-result,14086,2026-09-30T14:26:36+00:00,172625fea5d08116168fe3760f99f2c20788cbe3d4577faffb75de05808650b7
specjvm2008/results/SPECjvm2008.014/images/compress.jpg,preserved-other-result,195901,2026-09-30T14:26:37+00:00,c9fe1c73e8827d62a6be36e1ad95711dc043767923f2d6a982b2a9cfc6503a2b
specjvm2008/results/SPECjvm2008.014/images/compress_results.jpg,preserved-other-result,12308,2026-09-30T14:26:37+00:00,5e09bf4db079c6880bbc30e52b103168d182c8a0bb4a82decfd51375d7a48898
specjvm2008/results/SPECjvm2008.014/SPECjvm2008.014.html,preserved-other-result,20214,2026-09-30T14:26:37+00:00,5234c45ca98f731ea68783197e3e24e8e3a2561b74d0cee63ed7c487f2d99266
specjvm2008/results/SPECjvm2008.014/SPECjvm2008.014.raw,preserved-other-result,341310,2026-09-30T14:26:32+00:00,ea805af7f0f141160b18f580d273b8772c51230dbdfd5c89502f68eab3e3cf52
specjvm2008/results/SPECjvm2008.014/SPECjvm2008.014.sub,preserved-other-result,2890,2026-09-30T14:26:37+00:00,90e4265ed6c0521fa51608e9997923c29e1f09efa4a958bc9b19e02437be26e6
specjvm2008/results/SPECjvm2008.014/SPECjvm2008.014.summary,preserved-other-result,340,2026-09-30T14:26:37+00:00,31c44a10240181b7a1b24ea6ab460a53f4d59e6d09a0d2221ebabb981b4f181e
specjvm2008/results/SPECjvm2008.014/SPECjvm2008.014.txt,preserved-other-result,5002,2026-09-30T14:26:37+00:00,8f2e84979918906048637657a1e2939a8d3d9ab1531b7e0ec9cdede506d27edd
specjvm2008/results/SPECjvm2008.015/images/all.jpg,new-diagnostic-result,0,2026-09-30T20:45:34+00:00,e3b0c44298fc1c149afbf4c8996fb92427ae41e4649b934ca495991b7852b855
specjvm2008/results/SPECjvm2008.015/images/check.jpg,new-diagnostic-result,0,2026-09-30T20:45:33+00:00,e3b0c44298fc1c149afbf4c8996fb92427ae41e4649b934ca495991b7852b855
specjvm2008/results/SPECjvm2008.015/images/check_results.jpg,new-diagnostic-result,0,2026-09-30T20:45:33+00:00,e3b0c44298fc1c149afbf4c8996fb92427ae41e4649b934ca495991b7852b855
specjvm2008/results/SPECjvm2008.015/images/compress.jpg,new-diagnostic-result,0,2026-09-30T20:45:34+00:00,e3b0c44298fc1c149afbf4c8996fb92427ae41e4649b934ca495991b7852b855
specjvm2008/results/SPECjvm2008.015/images/compress_results.jpg,new-diagnostic-result,0,2026-09-30T20:45:34+00:00,e3b0c44298fc1c149afbf4c8996fb92427ae41e4649b934ca495991b7852b855
specjvm2008/results/SPECjvm2008.015/SPECjvm2008.015.html,new-diagnostic-result,20210,2026-09-30T20:45:34+00:00,76f22079a59db8fde27c42ecdeaec75ce29887ac79c49a7714a5dc3ad7c9e0fa
specjvm2008/results/SPECjvm2008.015/SPECjvm2008.015.raw,new-diagnostic-result,324167,2026-09-30T20:45:32+00:00,a9b1c06aec287187513afb8bb9e21e0ef8f11a5c898eb8f61872b8afc2a6798f
specjvm2008/results/SPECjvm2008.015/SPECjvm2008.015.sub,new-diagnostic-result,2890,2026-09-30T20:45:34+00:00,aeebbb7a7084b0093a3bea19e3e6ece3b0e89e68ada7bd16758b65c27f6c7324
specjvm2008/results/SPECjvm2008.015/SPECjvm2008.015.summary,new-diagnostic-result,340,2026-09-30T20:45:34+00:00,2bc78c0c7f20cacf00639c757d2a60b1f23f625420310aee7b2ced138f1bba28
specjvm2008/results/SPECjvm2008.015/SPECjvm2008.015.txt,new-diagnostic-result,5002,2026-09-30T20:45:34+00:00,7b68b9fcbcd71449d6c82f47d5b6eab3049af0b829987e754ca4edc030629e6e
specjvm2008/results/SPECjvm2008.016/images/all.jpg,new-diagnostic-result,0,2026-09-30T20:52:30+00:00,e3b0c44298fc1c149afbf4c8996fb92427ae41e4649b934ca495991b7852b855
specjvm2008/results/SPECjvm2008.016/images/check.jpg,new-diagnostic-result,0,2026-09-30T20:52:29+00:00,e3b0c44298fc1c149afbf4c8996fb92427ae41e4649b934ca495991b7852b855
specjvm2008/results/SPECjvm2008.016/images/check_results.jpg,new-diagnostic-result,0,2026-09-30T20:52:29+00:00,e3b0c44298fc1c149afbf4c8996fb92427ae41e4649b934ca495991b7852b855
specjvm2008/results/SPECjvm2008.016/images/sunflow.jpg,new-diagnostic-result,0,2026-09-30T20:52:30+00:00,e3b0c44298fc1c149afbf4c8996fb92427ae41e4649b934ca495991b7852b855
specjvm2008/results/SPECjvm2008.016/images/sunflow_results.jpg,new-diagnostic-result,0,2026-09-30T20:52:30+00:00,e3b0c44298fc1c149afbf4c8996fb92427ae41e4649b934ca495991b7852b855
specjvm2008/results/SPECjvm2008.016/SPECjvm2008.016.html,new-diagnostic-result,20206,2026-09-30T20:52:30+00:00,454ba8b8fa0fbf56621ef4b963d2a49048b516117fc3acd3b4a62043938d262a
specjvm2008/results/SPECjvm2008.016/SPECjvm2008.016.raw,new-diagnostic-result,205323,2026-09-30T20:52:29+00:00,214c6927830595799a2ea4adb70a8a14830037e588eb11e16275c01789ddd842
specjvm2008/results/SPECjvm2008.016/SPECjvm2008.016.sub,new-diagnostic-result,2890,2026-09-30T20:52:30+00:00,5b16bb4b8a9af8a31418fcf267350f728ad4026bd7a597922dd7849abe7f606e
specjvm2008/results/SPECjvm2008.016/SPECjvm2008.016.summary,new-diagnostic-result,340,2026-09-30T20:52:30+00:00,7e2074ba310649c8dd269770b594ebb367039fa9366520f226333f6ec0be6e50
specjvm2008/results/SPECjvm2008.016/SPECjvm2008.016.txt,new-diagnostic-result,5002,2026-09-30T20:52:30+00:00,106e04492200baeadee33bc05bb8e4a75b54b7dd38c8c2df1829c8fc0a9a6765
logs/base_run.log,formal-base-log,3689905,2026-09-30T10:25:15.783302+00:00,ea605742cf6a93caeafac03246dde16b11fe4a6af206e70479ecf2f918df5e0d
logs/base_run_clock_jump_failed.log,preserved-other-log,3392422,2026-09-30T07:02:30.241103+00:00,bed2b434be89b4f0ab55dcc0a40790d95a11382f4e306cc1556ffbc3ea124ba2
logs/base_run_java8_failed.log,preserved-other-log,2651,2026-09-30T02:48:27.835733+00:00,750e5a8be1e2273c4707af4980daca95e9da82e038961403c38fa649515ad969
logs/base_run_oom_failed.log,preserved-other-log,3282675,2026-09-30T08:00:50.918365+00:00,5eaf43b53f540c10dce926fd4dc1c416d185ffba2d668a76180573fc8a3fd295
logs/diagnostics/profile_compress_015.log,new-diagnostic-log,8310,2026-09-30T20:45:34.417824+00:00,53e1b8ec94091a80c3484c8d2e5508e3db7c406bd40f01e63226715ae57ebe28
logs/diagnostics/profile_sunflow_016.log,new-diagnostic-log,8310,2026-09-30T20:52:30.719439+00:00,ef17c6985df9983775432011cf3c65289d6827c26a2952ff9b48d70b6a8d7553
logs/diagnostics/telemetry_feasibility.log,new-diagnostic-log,990,2026-09-30T20:50:32.042116+00:00,dc2978ce82c7a7b820b703293b7ab20c660a2a75030d33c28fbd154a12d4ae06
logs/install.log,descriptive-install-record-with-correction,9301,2026-09-30T20:43:01.499672+00:00,b15e910cd6a817ee91fd32e5ec6d8190f1d3c57fa13aa3db7a1318799f5b24f0
logs/java7_compiler_check.log,preserved-other-log,6614,2026-09-30T02:59:52.037388+00:00,3f65ad17dbe08a556dc7afb880c3b3adb167cdd7e8bdd1c45411a1a9a25bfc22
logs/parameter_base_baseline.log,preserved-other-log,6956,2026-09-30T14:19:32.713318+00:00,14021ba0b3f589a0ff8784ae7c3d1606a84f1be285d560004da8e0b3c3288462
logs/parameter_base_reporter.log,preserved-other-log,664,2026-09-30T14:26:37.879414+00:00,7ca9f2ab74d0b95c7ec3ceb8444839b455b3a0fbbc82d6949eb242e4b467326d
logs/parameter_base_xmx2560m.log,preserved-other-log,6966,2026-09-30T14:26:33.986537+00:00,cf947a3a8b90128da236c2a9d875d8e55ab1f47378d355e24dc09472f0f39634
logs/parameter_baseline.log,preserved-other-log,6959,2026-09-30T12:21:24.397434+00:00,4fe28b5ecc957630b4039d7fc394b69ca7a4370fa0a909c36d7543fc3521400d
logs/parameter_reporter.log,preserved-other-log,671,2026-09-30T12:28:33.907346+00:00,feaa3cfb5995c60181a61039ef63796d2645d2d640a5c1da4aa4fadf9ac9aef2
logs/parameter_xmx2560m.log,preserved-other-log,6969,2026-09-30T12:28:30.163560+00:00,3cacd97265b2c997bf05dbdbad762db609670093a2ec93e163fba5f0d33c9a7a
logs/repeat_compress_run1.log,preserved-other-log,6824,2026-09-30T11:48:44.077903+00:00,60f0ad10774c2832ce091d8444a2c0d4711a726f0f43b5c1f76f6df8cab87e90
logs/repeat_compress_run2.log,preserved-other-log,6824,2026-09-30T11:55:46.789953+00:00,af101b87ebb8bf7d7538f78f7b5166fb69e573d7ceb6b7973586d911b659357f
logs/repeat_compress_run3.log,preserved-other-log,6824,2026-09-30T12:02:50.337225+00:00,929f4090d402e672f046f24cec0dbe99a2de02a192cb65276cf0e63f9c15eb0a
logs/repeat_reporter.log,preserved-other-log,928,2026-09-30T12:02:57.379397+00:00,0989e224669cf223c25897f0ec491dac40bab1f39077bc3e9b901f706062781a
logs/reporter_regeneration.log,reporter-log,521,2026-09-30T10:26:56.960188+00:00,d6afe99550f1f54a56f67d7cb33240728377d1d803cac9566d150708d12f69c3
logs/scimark_large_16t_check.log,preserved-other-log,6874,2026-09-30T08:09:12.780393+00:00,fd93c6bf9e6147cf1d5993b6eefd3c6cd48c02fab7f88450521f7b8c4a67f13e
logs/startup_sunflow_hang_jstack.txt,preserved-other-log,12261,2026-09-30T02:53:42.258393+00:00,023c574474c1dcbe565fe3b182b94231ba58554f04a7bcdacec3c1517ed7dcfe
logs/trial_run.log,preserved-other-log,1836,2026-09-30T02:47:25.887336+00:00,b0337297e1e54ae3f94d5b6fc676d7cc223dedfbd22d3d537ad86bf82fc4af07
environment/artifact_sha256.txt,environment-record,1141,2026-09-30T14:29:11.409779+00:00,44f86b01a0bb6d03e6942d9ed86e8e26d3bf2ac41f72c14b1515c8445a0132f3
environment/environment_info.txt,environment-record,9443,2026-09-30T07:05:25.074372+00:00,2a47d87b5827cb862399e2b65cac3f3286818a0c12f5d548893ad0ef0ebb43f6
environment/final_repository_state.txt,environment-record,2251,2026-09-30T20:55:37.933250+00:00,39bff26d2c844d12bb60ee86edde9fc621b69f0e416d3e9f78be0868e3ea6789
environment/host_cpu_comparison.txt,environment-record,698,2026-09-30T14:35:21.695562+00:00,1210d5f099177c62c5507aac435c250e5725c71efbfb9e707bbfdc0dd735f56c
scripts/run_base.ps1,method-or-verifier,1646,2026-09-30T07:06:00.565958+00:00,0a845f0eace99a4059087b2a24d66d06359b3b47b322ea3d26281a4bd6e25a87
scripts/run_base.sh,method-or-verifier,920,2026-09-30T08:05:55.706937+00:00,320b6858f98159462f6792fa98b517a688c5de21cdc287522699fb840c88b871
scripts/regenerate_report.sh,method-or-verifier,1002,2026-09-30T10:26:12.772840+00:00,30ac6e344a6329cc253c09712819bb0983708cbfbcd9077356385ecbe3a498fc
scripts/verify_goal1.ps1,method-or-verifier,5786,2026-09-30T20:56:29.365147+00:00,c7d2a4fbb51c8949041a0f97d460dd500f635d099bbb603bd60490add82f9155
scripts/verify_submission.ps1,method-or-verifier,5368,2026-09-30T20:59:04.117370+00:00,47293551317c306463142da96ebeb6b1820f46b87eb06b251cf314f8db97ebe6
scripts/analysis/.gitignore,analysis-or-diagnostic-script,19,2026-09-30T20:58:38.443415+00:00,862263fa1f46c20f0d1e4dac5ffcc75abd55c08211b2c3864c5f8764b9d87793
scripts/analysis/build_core_data.py,analysis-or-diagnostic-script,11330,2026-09-30T20:51:49.424536+00:00,6ab7d90f482d57c7d6e7283d425744ab134b4922fb242425b9013fd259fd60b1
scripts/analysis/build_evidence_manifest.py,analysis-or-diagnostic-script,3692,2026-09-30T20:52:09.294802+00:00,28b395d4f9a899f3e358be6983a374d87b74079513492757195a629517baf4cd
scripts/analysis/build_profile_summary.py,analysis-or-diagnostic-script,4759,2026-09-30T20:50:12.382262+00:00,513a1bdbbcddf8b68ec34d969266bff5117cfa5c271a6f61901a5fc8600818cb
scripts/analysis/collect_telemetry_feasibility.ps1,analysis-or-diagnostic-script,1285,2026-09-30T20:50:21.445465+00:00,495287e05172c775e253d4af6e2de4f3480eb36ec6cd1eed4aa632f5e2dc6d3c
scripts/analysis/plot_core.py,analysis-or-diagnostic-script,7216,2026-09-30T20:56:41.770170+00:00,c4a479a17f53b7c46ea216ba46cceb05757cbedf5ccedbc9d4f5829f489eb7d5
scripts/analysis/README.md,analysis-or-diagnostic-script,1570,2026-09-30T20:53:58.255289+00:00,e97953e00a3d67fa3ad681dacbc49001c69005002e9873352b04789ba9c08715
scripts/analysis/run_diagnostic_profiles.sh,analysis-or-diagnostic-script,1746,2026-09-30T20:38:10.123713+00:00,eb637bfaba5a35568253488c85af681779113115e2e70b30d129d3409034d913
scripts/analysis/run_final_verification.ps1,analysis-or-diagnostic-script,2175,2026-09-30T21:00:29.572828+00:00,8f4914056daa3b30f3de51810cea591c78f1147349f7ea1fd15ce7e02eae19eb
scripts/analysis/verify_document_tables.py,analysis-or-diagnostic-script,3759,2026-09-30T20:48:54.157262+00:00,197e85ceeeb49f5170aa292810835b2ca87a2bc344d5e7fc840877c63f56ed34
scripts/analysis/verify_official_data.py,analysis-or-diagnostic-script,3540,2026-09-30T20:47:29.409971+00:00,6dd0811d43972e7a7bfc20f192c05d2addb9936043652d30c820105bcc1903fd
analysis/repeat_test_results.csv,original-repeat-index,511,2026-09-30T12:02:50.604435+00:00,2e5ebe2d98d71cbc297afaf8f7daed8de213706ac97566933e17e33b336d18c0
analysis/official_reference_base.html,original-official-snapshot,52404,2026-09-30T11:38:16.022187+00:00,8472daef33df919535faf0b21b02b7ecc3a8c72b92bd8f49002e56d4faf016b3
analysis/official_reference_huawei.html,new-official-snapshot,52193,2026-09-30T20:46:57.570709+00:00,35d27a41756762e642e4699a5a42846474ca57642b4f665f6d11fc28dcc41e95
images/base_scores.jpg,original-base-chart-copy,38494,2026-09-30T10:26:56+00:00,17ebc714d92c2c96f5502d607ad06d0f8d04679abc593b136a1e6fef2883cfa4
