matrix_n,input,seed,optimization,block_size,classification,score_seconds,max_abs_error,max_rel_error,build_key,reference_key
129,random,20261008,O0,8,success,0.015258658000000001,4.263256414560601e-14,1.3025931259795479e-15,fc6fbca83fcc320683a3b6a66763d303cd4cda9d187c22f8ddde144d5441c12c,65661d587c6c284512b9f1b374e1567c5aabc05e29719ab9f303a773a8ff38d3
129,random,20261008,O0,16,success,0.014897049,4.263256414560601e-14,1.3025931259795479e-15,fc6fbca83fcc320683a3b6a66763d303cd4cda9d187c22f8ddde144d5441c12c,65661d587c6c284512b9f1b374e1567c5aabc05e29719ab9f303a773a8ff38d3
129,random,20261008,O0,24,success,0.015386254,4.263256414560601e-14,1.3025931259795479e-15,fc6fbca83fcc320683a3b6a66763d303cd4cda9d187c22f8ddde144d5441c12c,65661d587c6c284512b9f1b374e1567c5aabc05e29719ab9f303a773a8ff38d3
129,random,20261008,O0,64,success,0.014949108000000001,4.263256414560601e-14,1.3025931259795479e-15,fc6fbca83fcc320683a3b6a66763d303cd4cda9d187c22f8ddde144d5441c12c,65661d587c6c284512b9f1b374e1567c5aabc05e29719ab9f303a773a8ff38d3
129,random,20261008,O0,128,success,0.014774313,4.263256414560601e-14,1.3025931259795479e-15,fc6fbca83fcc320683a3b6a66763d303cd4cda9d187c22f8ddde144d5441c12c,65661d587c6c284512b9f1b374e1567c5aabc05e29719ab9f303a773a8ff38d3
129,random,20261008,O1,8,success,0.001769661,4.263256414560601e-14,1.3025931259795479e-15,a2fee309f99c24a96620363b39c70f292c34122b9c792b8e0157a4a338892e20,65661d587c6c284512b9f1b374e1567c5aabc05e29719ab9f303a773a8ff38d3
129,random,20261008,O1,16,success,0.00169993,4.263256414560601e-14,1.3025931259795479e-15,a2fee309f99c24a96620363b39c70f292c34122b9c792b8e0157a4a338892e20,65661d587c6c284512b9f1b374e1567c5aabc05e29719ab9f303a773a8ff38d3
129,random,20261008,O1,24,success,0.0016924120000000001,4.263256414560601e-14,1.3025931259795479e-15,a2fee309f99c24a96620363b39c70f292c34122b9c792b8e0157a4a338892e20,65661d587c6c284512b9f1b374e1567c5aabc05e29719ab9f303a773a8ff38d3
129,random,20261008,O1,64,success,0.001415271,4.263256414560601e-14,1.3025931259795479e-15,a2fee309f99c24a96620363b39c70f292c34122b9c792b8e0157a4a338892e20,65661d587c6c284512b9f1b374e1567c5aabc05e29719ab9f303a773a8ff38d3
129,random,20261008,O1,128,success,0.0014850540000000002,4.263256414560601e-14,1.3025931259795479e-15,a2fee309f99c24a96620363b39c70f292c34122b9c792b8e0157a4a338892e20,65661d587c6c284512b9f1b374e1567c5aabc05e29719ab9f303a773a8ff38d3
129,random,20261008,O2,8,success,0.001851264,4.263256414560601e-14,1.3025931259795479e-15,cccedeac9f2031e1846ae24c1e951a821428fc912855a5c5bb5977486f81954e,65661d587c6c284512b9f1b374e1567c5aabc05e29719ab9f303a773a8ff38d3
129,random,20261008,O2,16,success,0.0016069230000000001,4.263256414560601e-14,1.3025931259795479e-15,cccedeac9f2031e1846ae24c1e951a821428fc912855a5c5bb5977486f81954e,65661d587c6c284512b9f1b374e1567c5aabc05e29719ab9f303a773a8ff38d3
129,random,20261008,O2,24,success,0.0015426160000000001,4.263256414560601e-14,1.3025931259795479e-15,cccedeac9f2031e1846ae24c1e951a821428fc912855a5c5bb5977486f81954e,65661d587c6c284512b9f1b374e1567c5aabc05e29719ab9f303a773a8ff38d3
129,random,20261008,O2,64,success,0.00159489,4.263256414560601e-14,1.3025931259795479e-15,cccedeac9f2031e1846ae24c1e951a821428fc912855a5c5bb5977486f81954e,65661d587c6c284512b9f1b374e1567c5aabc05e29719ab9f303a773a8ff38d3
129,random,20261008,O2,128,success,0.0015718840000000002,4.263256414560601e-14,1.3025931259795479e-15,cccedeac9f2031e1846ae24c1e951a821428fc912855a5c5bb5977486f81954e,65661d587c6c284512b9f1b374e1567c5aabc05e29719ab9f303a773a8ff38d3
129,random,20261008,O3,8,success,0.0030270930000000002,4.263256414560601e-14,1.3025931259795479e-15,3e190d4c3e60a8a0a104fc11ab85d1edbffb14e6a333be2bab01b34443c7c150,65661d587c6c284512b9f1b374e1567c5aabc05e29719ab9f303a773a8ff38d3
129,random,20261008,O3,16,success,0.0027658310000000003,4.263256414560601e-14,1.3025931259795479e-15,3e190d4c3e60a8a0a104fc11ab85d1edbffb14e6a333be2bab01b34443c7c150,65661d587c6c284512b9f1b374e1567c5aabc05e29719ab9f303a773a8ff38d3
129,random,20261008,O3,24,success,0.0024783490000000004,4.263256414560601e-14,1.3025931259795479e-15,3e190d4c3e60a8a0a104fc11ab85d1edbffb14e6a333be2bab01b34443c7c150,65661d587c6c284512b9f1b374e1567c5aabc05e29719ab9f303a773a8ff38d3
129,random,20261008,O3,64,success,0.0024452840000000003,4.263256414560601e-14,1.3025931259795479e-15,3e190d4c3e60a8a0a104fc11ab85d1edbffb14e6a333be2bab01b34443c7c150,65661d587c6c284512b9f1b374e1567c5aabc05e29719ab9f303a773a8ff38d3
129,random,20261008,O3,128,success,0.0025185610000000003,4.263256414560601e-14,1.3025931259795479e-15,3e190d4c3e60a8a0a104fc11ab85d1edbffb14e6a333be2bab01b34443c7c150,65661d587c6c284512b9f1b374e1567c5aabc05e29719ab9f303a773a8ff38d3
129,random,20261009,O0,8,success,0.015733924,4.263256414560601e-14,1.271249612278883e-15,fc6fbca83fcc320683a3b6a66763d303cd4cda9d187c22f8ddde144d5441c12c,73d648e9a55895e92dddf48e5a15448b823fc3035695aef0de1238aa52611a9f
129,random,20261009,O0,16,success,0.015440261,4.263256414560601e-14,1.271249612278883e-15,fc6fbca83fcc320683a3b6a66763d303cd4cda9d187c22f8ddde144d5441c12c,73d648e9a55895e92dddf48e5a15448b823fc3035695aef0de1238aa52611a9f
129,random,20261009,O0,24,success,0.014962378,4.263256414560601e-14,1.271249612278883e-15,fc6fbca83fcc320683a3b6a66763d303cd4cda9d187c22f8ddde144d5441c12c,73d648e9a55895e92dddf48e5a15448b823fc3035695aef0de1238aa52611a9f
129,random,20261009,O0,64,success,0.014847501,4.263256414560601e-14,1.271249612278883e-15,fc6fbca83fcc320683a3b6a66763d303cd4cda9d187c22f8ddde144d5441c12c,73d648e9a55895e92dddf48e5a15448b823fc3035695aef0de1238aa52611a9f
129,random,20261009,O0,128,success,0.014581170000000001,4.263256414560601e-14,1.271249612278883e-15,fc6fbca83fcc320683a3b6a66763d303cd4cda9d187c22f8ddde144d5441c12c,73d648e9a55895e92dddf48e5a15448b823fc3035695aef0de1238aa52611a9f
129,random,20261009,O1,8,success,0.0020706400000000003,4.263256414560601e-14,1.271249612278883e-15,a2fee309f99c24a96620363b39c70f292c34122b9c792b8e0157a4a338892e20,73d648e9a55895e92dddf48e5a15448b823fc3035695aef0de1238aa52611a9f
129,random,20261009,O1,16,success,0.0017107090000000001,4.263256414560601e-14,1.271249612278883e-15,a2fee309f99c24a96620363b39c70f292c34122b9c792b8e0157a4a338892e20,73d648e9a55895e92dddf48e5a15448b823fc3035695aef0de1238aa52611a9f
129,random,20261009,O1,24,success,0.001656193,4.263256414560601e-14,1.271249612278883e-15,a2fee309f99c24a96620363b39c70f292c34122b9c792b8e0157a4a338892e20,73d648e9a55895e92dddf48e5a15448b823fc3035695aef0de1238aa52611a9f
129,random,20261009,O1,64,success,0.001523337,4.263256414560601e-14,1.271249612278883e-15,a2fee309f99c24a96620363b39c70f292c34122b9c792b8e0157a4a338892e20,73d648e9a55895e92dddf48e5a15448b823fc3035695aef0de1238aa52611a9f
129,random,20261009,O1,128,success,0.001405121,4.263256414560601e-14,1.271249612278883e-15,a2fee309f99c24a96620363b39c70f292c34122b9c792b8e0157a4a338892e20,73d648e9a55895e92dddf48e5a15448b823fc3035695aef0de1238aa52611a9f
129,random,20261009,O2,8,success,0.001930812,4.263256414560601e-14,1.271249612278883e-15,cccedeac9f2031e1846ae24c1e951a821428fc912855a5c5bb5977486f81954e,73d648e9a55895e92dddf48e5a15448b823fc3035695aef0de1238aa52611a9f
129,random,20261009,O2,16,success,0.0016886680000000002,4.263256414560601e-14,1.271249612278883e-15,cccedeac9f2031e1846ae24c1e951a821428fc912855a5c5bb5977486f81954e,73d648e9a55895e92dddf48e5a15448b823fc3035695aef0de1238aa52611a9f
129,random,20261009,O2,24,success,0.0015385370000000002,4.263256414560601e-14,1.271249612278883e-15,cccedeac9f2031e1846ae24c1e951a821428fc912855a5c5bb5977486f81954e,73d648e9a55895e92dddf48e5a15448b823fc3035695aef0de1238aa52611a9f
129,random,20261009,O2,64,success,0.001898886,4.263256414560601e-14,1.271249612278883e-15,cccedeac9f2031e1846ae24c1e951a821428fc912855a5c5bb5977486f81954e,73d648e9a55895e92dddf48e5a15448b823fc3035695aef0de1238aa52611a9f
129,random,20261009,O2,128,success,0.0014272330000000002,4.263256414560601e-14,1.271249612278883e-15,cccedeac9f2031e1846ae24c1e951a821428fc912855a5c5bb5977486f81954e,73d648e9a55895e92dddf48e5a15448b823fc3035695aef0de1238aa52611a9f
129,random,20261009,O3,8,success,0.002922441,4.263256414560601e-14,1.271249612278883e-15,3e190d4c3e60a8a0a104fc11ab85d1edbffb14e6a333be2bab01b34443c7c150,73d648e9a55895e92dddf48e5a15448b823fc3035695aef0de1238aa52611a9f
129,random,20261009,O3,16,success,0.003095378,4.263256414560601e-14,1.271249612278883e-15,3e190d4c3e60a8a0a104fc11ab85d1edbffb14e6a333be2bab01b34443c7c150,73d648e9a55895e92dddf48e5a15448b823fc3035695aef0de1238aa52611a9f
129,random,20261009,O3,24,success,0.0026397390000000003,4.263256414560601e-14,1.271249612278883e-15,3e190d4c3e60a8a0a104fc11ab85d1edbffb14e6a333be2bab01b34443c7c150,73d648e9a55895e92dddf48e5a15448b823fc3035695aef0de1238aa52611a9f
129,random,20261009,O3,64,success,0.0026568430000000003,4.263256414560601e-14,1.271249612278883e-15,3e190d4c3e60a8a0a104fc11ab85d1edbffb14e6a333be2bab01b34443c7c150,73d648e9a55895e92dddf48e5a15448b823fc3035695aef0de1238aa52611a9f
129,random,20261009,O3,128,success,0.0026446160000000002,4.263256414560601e-14,1.271249612278883e-15,3e190d4c3e60a8a0a104fc11ab85d1edbffb14e6a333be2bab01b34443c7c150,73d648e9a55895e92dddf48e5a15448b823fc3035695aef0de1238aa52611a9f
129,zero,20261008,O0,8,success,0.015869068,0,0,fc6fbca83fcc320683a3b6a66763d303cd4cda9d187c22f8ddde144d5441c12c,38d712159cc0884c231f076d7613f0e3e64ccf0063f5ee7c1b8ac38999316775
129,zero,20261008,O0,16,success,0.014717497000000001,0,0,fc6fbca83fcc320683a3b6a66763d303cd4cda9d187c22f8ddde144d5441c12c,38d712159cc0884c231f076d7613f0e3e64ccf0063f5ee7c1b8ac38999316775
129,zero,20261008,O0,24,success,0.015720507,0,0,fc6fbca83fcc320683a3b6a66763d303cd4cda9d187c22f8ddde144d5441c12c,38d712159cc0884c231f076d7613f0e3e64ccf0063f5ee7c1b8ac38999316775
129,zero,20261008,O0,64,success,0.014439711000000001,0,0,fc6fbca83fcc320683a3b6a66763d303cd4cda9d187c22f8ddde144d5441c12c,38d712159cc0884c231f076d7613f0e3e64ccf0063f5ee7c1b8ac38999316775
129,zero,20261008,O0,128,success,0.01446671,0,0,fc6fbca83fcc320683a3b6a66763d303cd4cda9d187c22f8ddde144d5441c12c,38d712159cc0884c231f076d7613f0e3e64ccf0063f5ee7c1b8ac38999316775
129,zero,20261008,O1,8,success,0.0018026530000000002,0,0,a2fee309f99c24a96620363b39c70f292c34122b9c792b8e0157a4a338892e20,38d712159cc0884c231f076d7613f0e3e64ccf0063f5ee7c1b8ac38999316775
129,zero,20261008,O1,16,success,0.00152972,0,0,a2fee309f99c24a96620363b39c70f292c34122b9c792b8e0157a4a338892e20,38d712159cc0884c231f076d7613f0e3e64ccf0063f5ee7c1b8ac38999316775
129,zero,20261008,O1,24,success,0.001514651,0,0,a2fee309f99c24a96620363b39c70f292c34122b9c792b8e0157a4a338892e20,38d712159cc0884c231f076d7613f0e3e64ccf0063f5ee7c1b8ac38999316775
129,zero,20261008,O1,64,success,0.0013906,0,0,a2fee309f99c24a96620363b39c70f292c34122b9c792b8e0157a4a338892e20,38d712159cc0884c231f076d7613f0e3e64ccf0063f5ee7c1b8ac38999316775
129,zero,20261008,O1,128,success,0.001511404,0,0,a2fee309f99c24a96620363b39c70f292c34122b9c792b8e0157a4a338892e20,38d712159cc0884c231f076d7613f0e3e64ccf0063f5ee7c1b8ac38999316775
129,zero,20261008,O2,8,success,0.0019466070000000002,0,0,cccedeac9f2031e1846ae24c1e951a821428fc912855a5c5bb5977486f81954e,38d712159cc0884c231f076d7613f0e3e64ccf0063f5ee7c1b8ac38999316775
129,zero,20261008,O2,16,success,0.0016938930000000001,0,0,cccedeac9f2031e1846ae24c1e951a821428fc912855a5c5bb5977486f81954e,38d712159cc0884c231f076d7613f0e3e64ccf0063f5ee7c1b8ac38999316775
129,zero,20261008,O2,24,success,0.001498042,0,0,cccedeac9f2031e1846ae24c1e951a821428fc912855a5c5bb5977486f81954e,38d712159cc0884c231f076d7613f0e3e64ccf0063f5ee7c1b8ac38999316775
129,zero,20261008,O2,64,success,0.0016946250000000002,0,0,cccedeac9f2031e1846ae24c1e951a821428fc912855a5c5bb5977486f81954e,38d712159cc0884c231f076d7613f0e3e64ccf0063f5ee7c1b8ac38999316775
129,zero,20261008,O2,128,success,0.0014912970000000002,0,0,cccedeac9f2031e1846ae24c1e951a821428fc912855a5c5bb5977486f81954e,38d712159cc0884c231f076d7613f0e3e64ccf0063f5ee7c1b8ac38999316775
129,zero,20261008,O3,8,success,0.0038572370000000003,0,0,3e190d4c3e60a8a0a104fc11ab85d1edbffb14e6a333be2bab01b34443c7c150,38d712159cc0884c231f076d7613f0e3e64ccf0063f5ee7c1b8ac38999316775
129,zero,20261008,O3,16,success,0.003231411,0,0,3e190d4c3e60a8a0a104fc11ab85d1edbffb14e6a333be2bab01b34443c7c150,38d712159cc0884c231f076d7613f0e3e64ccf0063f5ee7c1b8ac38999316775
129,zero,20261008,O3,24,success,0.00272376,0,0,3e190d4c3e60a8a0a104fc11ab85d1edbffb14e6a333be2bab01b34443c7c150,38d712159cc0884c231f076d7613f0e3e64ccf0063f5ee7c1b8ac38999316775
129,zero,20261008,O3,64,success,0.002844707,0,0,3e190d4c3e60a8a0a104fc11ab85d1edbffb14e6a333be2bab01b34443c7c150,38d712159cc0884c231f076d7613f0e3e64ccf0063f5ee7c1b8ac38999316775
129,zero,20261008,O3,128,success,0.002885166,0,0,3e190d4c3e60a8a0a104fc11ab85d1edbffb14e6a333be2bab01b34443c7c150,38d712159cc0884c231f076d7613f0e3e64ccf0063f5ee7c1b8ac38999316775
129,identity,20261008,O0,8,success,0.015573567000000002,0,0,fc6fbca83fcc320683a3b6a66763d303cd4cda9d187c22f8ddde144d5441c12c,2d3ecbf90b7aa8a754a8e2dcf9396d6d3ba55c5b4379aa40b990aa35cdf64261
129,identity,20261008,O0,16,success,0.014721197,0,0,fc6fbca83fcc320683a3b6a66763d303cd4cda9d187c22f8ddde144d5441c12c,2d3ecbf90b7aa8a754a8e2dcf9396d6d3ba55c5b4379aa40b990aa35cdf64261
129,identity,20261008,O0,24,success,0.015003517000000001,0,0,fc6fbca83fcc320683a3b6a66763d303cd4cda9d187c22f8ddde144d5441c12c,2d3ecbf90b7aa8a754a8e2dcf9396d6d3ba55c5b4379aa40b990aa35cdf64261
129,identity,20261008,O0,64,success,0.014616204,0,0,fc6fbca83fcc320683a3b6a66763d303cd4cda9d187c22f8ddde144d5441c12c,2d3ecbf90b7aa8a754a8e2dcf9396d6d3ba55c5b4379aa40b990aa35cdf64261
129,identity,20261008,O0,128,success,0.015081731000000001,0,0,fc6fbca83fcc320683a3b6a66763d303cd4cda9d187c22f8ddde144d5441c12c,2d3ecbf90b7aa8a754a8e2dcf9396d6d3ba55c5b4379aa40b990aa35cdf64261
129,identity,20261008,O1,8,success,0.001909927,0,0,a2fee309f99c24a96620363b39c70f292c34122b9c792b8e0157a4a338892e20,2d3ecbf90b7aa8a754a8e2dcf9396d6d3ba55c5b4379aa40b990aa35cdf64261
129,identity,20261008,O1,16,success,0.001607775,0,0,a2fee309f99c24a96620363b39c70f292c34122b9c792b8e0157a4a338892e20,2d3ecbf90b7aa8a754a8e2dcf9396d6d3ba55c5b4379aa40b990aa35cdf64261
129,identity,20261008,O1,24,success,0.001468314,0,0,a2fee309f99c24a96620363b39c70f292c34122b9c792b8e0157a4a338892e20,2d3ecbf90b7aa8a754a8e2dcf9396d6d3ba55c5b4379aa40b990aa35cdf64261
129,identity,20261008,O1,64,success,0.001502145,0,0,a2fee309f99c24a96620363b39c70f292c34122b9c792b8e0157a4a338892e20,2d3ecbf90b7aa8a754a8e2dcf9396d6d3ba55c5b4379aa40b990aa35cdf64261
129,identity,20261008,O1,128,success,0.0016447080000000002,0,0,a2fee309f99c24a96620363b39c70f292c34122b9c792b8e0157a4a338892e20,2d3ecbf90b7aa8a754a8e2dcf9396d6d3ba55c5b4379aa40b990aa35cdf64261
129,identity,20261008,O2,8,success,0.0025391890000000003,0,0,cccedeac9f2031e1846ae24c1e951a821428fc912855a5c5bb5977486f81954e,2d3ecbf90b7aa8a754a8e2dcf9396d6d3ba55c5b4379aa40b990aa35cdf64261
129,identity,20261008,O2,16,success,0.0017183970000000002,0,0,cccedeac9f2031e1846ae24c1e951a821428fc912855a5c5bb5977486f81954e,2d3ecbf90b7aa8a754a8e2dcf9396d6d3ba55c5b4379aa40b990aa35cdf64261
129,identity,20261008,O2,24,success,0.0016603770000000002,0,0,cccedeac9f2031e1846ae24c1e951a821428fc912855a5c5bb5977486f81954e,2d3ecbf90b7aa8a754a8e2dcf9396d6d3ba55c5b4379aa40b990aa35cdf64261
129,identity,20261008,O2,64,success,0.001932939,0,0,cccedeac9f2031e1846ae24c1e951a821428fc912855a5c5bb5977486f81954e,2d3ecbf90b7aa8a754a8e2dcf9396d6d3ba55c5b4379aa40b990aa35cdf64261
129,identity,20261008,O2,128,success,0.0017806130000000001,0,0,cccedeac9f2031e1846ae24c1e951a821428fc912855a5c5bb5977486f81954e,2d3ecbf90b7aa8a754a8e2dcf9396d6d3ba55c5b4379aa40b990aa35cdf64261
129,identity,20261008,O3,8,success,0.0031513540000000003,0,0,3e190d4c3e60a8a0a104fc11ab85d1edbffb14e6a333be2bab01b34443c7c150,2d3ecbf90b7aa8a754a8e2dcf9396d6d3ba55c5b4379aa40b990aa35cdf64261
129,identity,20261008,O3,16,success,0.0030514490000000003,0,0,3e190d4c3e60a8a0a104fc11ab85d1edbffb14e6a333be2bab01b34443c7c150,2d3ecbf90b7aa8a754a8e2dcf9396d6d3ba55c5b4379aa40b990aa35cdf64261
129,identity,20261008,O3,24,success,0.002883277,0,0,3e190d4c3e60a8a0a104fc11ab85d1edbffb14e6a333be2bab01b34443c7c150,2d3ecbf90b7aa8a754a8e2dcf9396d6d3ba55c5b4379aa40b990aa35cdf64261
129,identity,20261008,O3,64,success,0.0030338780000000003,0,0,3e190d4c3e60a8a0a104fc11ab85d1edbffb14e6a333be2bab01b34443c7c150,2d3ecbf90b7aa8a754a8e2dcf9396d6d3ba55c5b4379aa40b990aa35cdf64261
129,identity,20261008,O3,128,success,0.0025978100000000003,0,0,3e190d4c3e60a8a0a104fc11ab85d1edbffb14e6a333be2bab01b34443c7c150,2d3ecbf90b7aa8a754a8e2dcf9396d6d3ba55c5b4379aa40b990aa35cdf64261
130,random,20261008,O0,8,success,0.017288615,4.263256414560601e-14,1.4195164005287213e-15,c45ed678a33b1079afc70e17f715b83fda7855a43c7d1eaa338884eb0e3d65e8,b2451a4ebf1007d0e08d73ea9f0cca0260061df1adacb27b59616acd059c2808
130,random,20261008,O0,16,success,0.017338671,4.263256414560601e-14,1.4195164005287213e-15,c45ed678a33b1079afc70e17f715b83fda7855a43c7d1eaa338884eb0e3d65e8,b2451a4ebf1007d0e08d73ea9f0cca0260061df1adacb27b59616acd059c2808
130,random,20261008,O0,24,success,0.017168699000000003,4.263256414560601e-14,1.4195164005287213e-15,c45ed678a33b1079afc70e17f715b83fda7855a43c7d1eaa338884eb0e3d65e8,b2451a4ebf1007d0e08d73ea9f0cca0260061df1adacb27b59616acd059c2808
130,random,20261008,O0,64,success,0.016571185000000002,4.263256414560601e-14,1.4195164005287213e-15,c45ed678a33b1079afc70e17f715b83fda7855a43c7d1eaa338884eb0e3d65e8,b2451a4ebf1007d0e08d73ea9f0cca0260061df1adacb27b59616acd059c2808
130,random,20261008,O0,128,success,0.016534833000000002,4.263256414560601e-14,1.4195164005287213e-15,c45ed678a33b1079afc70e17f715b83fda7855a43c7d1eaa338884eb0e3d65e8,b2451a4ebf1007d0e08d73ea9f0cca0260061df1adacb27b59616acd059c2808
130,random,20261008,O1,8,success,0.0019765240000000003,4.263256414560601e-14,1.4195164005287213e-15,6ea10097b9ffa66fb927dfbf3176806083392bd6b7f424cd8999a9ba901aa3a6,b2451a4ebf1007d0e08d73ea9f0cca0260061df1adacb27b59616acd059c2808
130,random,20261008,O1,16,success,0.00161884,4.263256414560601e-14,1.4195164005287213e-15,6ea10097b9ffa66fb927dfbf3176806083392bd6b7f424cd8999a9ba901aa3a6,b2451a4ebf1007d0e08d73ea9f0cca0260061df1adacb27b59616acd059c2808
130,random,20261008,O1,24,success,0.001480144,4.263256414560601e-14,1.4195164005287213e-15,6ea10097b9ffa66fb927dfbf3176806083392bd6b7f424cd8999a9ba901aa3a6,b2451a4ebf1007d0e08d73ea9f0cca0260061df1adacb27b59616acd059c2808
130,random,20261008,O1,64,success,0.001469241,4.263256414560601e-14,1.4195164005287213e-15,6ea10097b9ffa66fb927dfbf3176806083392bd6b7f424cd8999a9ba901aa3a6,b2451a4ebf1007d0e08d73ea9f0cca0260061df1adacb27b59616acd059c2808
130,random,20261008,O1,128,success,0.001487075,4.263256414560601e-14,1.4195164005287213e-15,6ea10097b9ffa66fb927dfbf3176806083392bd6b7f424cd8999a9ba901aa3a6,b2451a4ebf1007d0e08d73ea9f0cca0260061df1adacb27b59616acd059c2808
130,random,20261008,O2,8,success,0.001891499,4.263256414560601e-14,1.4195164005287213e-15,3966b4d302b0dfa5a51b2411d4a0822afb071b791c2db4ec60ac77aa06888d91,b2451a4ebf1007d0e08d73ea9f0cca0260061df1adacb27b59616acd059c2808
130,random,20261008,O2,16,success,0.001585543,4.263256414560601e-14,1.4195164005287213e-15,3966b4d302b0dfa5a51b2411d4a0822afb071b791c2db4ec60ac77aa06888d91,b2451a4ebf1007d0e08d73ea9f0cca0260061df1adacb27b59616acd059c2808
130,random,20261008,O2,24,success,0.0015457140000000001,4.263256414560601e-14,1.4195164005287213e-15,3966b4d302b0dfa5a51b2411d4a0822afb071b791c2db4ec60ac77aa06888d91,b2451a4ebf1007d0e08d73ea9f0cca0260061df1adacb27b59616acd059c2808
130,random,20261008,O2,64,success,0.0016793580000000002,4.263256414560601e-14,1.4195164005287213e-15,3966b4d302b0dfa5a51b2411d4a0822afb071b791c2db4ec60ac77aa06888d91,b2451a4ebf1007d0e08d73ea9f0cca0260061df1adacb27b59616acd059c2808
130,random,20261008,O2,128,success,0.00146762,4.263256414560601e-14,1.4195164005287213e-15,3966b4d302b0dfa5a51b2411d4a0822afb071b791c2db4ec60ac77aa06888d91,b2451a4ebf1007d0e08d73ea9f0cca0260061df1adacb27b59616acd059c2808
130,random,20261008,O3,8,success,0.002815137,4.263256414560601e-14,1.4195164005287213e-15,e3b9fc11747b66012fef57a6b14bc85aa39dafe7300f93ebac06d3a2a5dc952f,b2451a4ebf1007d0e08d73ea9f0cca0260061df1adacb27b59616acd059c2808
130,random,20261008,O3,16,success,0.002697131,4.263256414560601e-14,1.4195164005287213e-15,e3b9fc11747b66012fef57a6b14bc85aa39dafe7300f93ebac06d3a2a5dc952f,b2451a4ebf1007d0e08d73ea9f0cca0260061df1adacb27b59616acd059c2808
130,random,20261008,O3,24,success,0.002595679,4.263256414560601e-14,1.4195164005287213e-15,e3b9fc11747b66012fef57a6b14bc85aa39dafe7300f93ebac06d3a2a5dc952f,b2451a4ebf1007d0e08d73ea9f0cca0260061df1adacb27b59616acd059c2808
130,random,20261008,O3,64,success,0.002659204,4.263256414560601e-14,1.4195164005287213e-15,e3b9fc11747b66012fef57a6b14bc85aa39dafe7300f93ebac06d3a2a5dc952f,b2451a4ebf1007d0e08d73ea9f0cca0260061df1adacb27b59616acd059c2808
130,random,20261008,O3,128,success,0.002495943,4.263256414560601e-14,1.4195164005287213e-15,e3b9fc11747b66012fef57a6b14bc85aa39dafe7300f93ebac06d3a2a5dc952f,b2451a4ebf1007d0e08d73ea9f0cca0260061df1adacb27b59616acd059c2808
130,random,20261009,O0,8,success,0.01742254,4.973799150320701e-14,1.3018209863523874e-15,c45ed678a33b1079afc70e17f715b83fda7855a43c7d1eaa338884eb0e3d65e8,3609656d867d8cbffd959f442748cb10e2708d59e9c791728321e67ce4fd0068
130,random,20261009,O0,16,success,0.016766883,4.973799150320701e-14,1.3018209863523874e-15,c45ed678a33b1079afc70e17f715b83fda7855a43c7d1eaa338884eb0e3d65e8,3609656d867d8cbffd959f442748cb10e2708d59e9c791728321e67ce4fd0068
130,random,20261009,O0,24,success,0.017208211,4.973799150320701e-14,1.3018209863523874e-15,c45ed678a33b1079afc70e17f715b83fda7855a43c7d1eaa338884eb0e3d65e8,3609656d867d8cbffd959f442748cb10e2708d59e9c791728321e67ce4fd0068
130,random,20261009,O0,64,success,0.017022683,4.973799150320701e-14,1.3018209863523874e-15,c45ed678a33b1079afc70e17f715b83fda7855a43c7d1eaa338884eb0e3d65e8,3609656d867d8cbffd959f442748cb10e2708d59e9c791728321e67ce4fd0068
130,random,20261009,O0,128,success,0.016660669,4.973799150320701e-14,1.3018209863523874e-15,c45ed678a33b1079afc70e17f715b83fda7855a43c7d1eaa338884eb0e3d65e8,3609656d867d8cbffd959f442748cb10e2708d59e9c791728321e67ce4fd0068
130,random,20261009,O1,8,success,0.0018245860000000002,4.973799150320701e-14,1.3018209863523874e-15,6ea10097b9ffa66fb927dfbf3176806083392bd6b7f424cd8999a9ba901aa3a6,3609656d867d8cbffd959f442748cb10e2708d59e9c791728321e67ce4fd0068
130,random,20261009,O1,16,success,0.001640851,4.973799150320701e-14,1.3018209863523874e-15,6ea10097b9ffa66fb927dfbf3176806083392bd6b7f424cd8999a9ba901aa3a6,3609656d867d8cbffd959f442748cb10e2708d59e9c791728321e67ce4fd0068
130,random,20261009,O1,24,success,0.0015141220000000001,4.973799150320701e-14,1.3018209863523874e-15,6ea10097b9ffa66fb927dfbf3176806083392bd6b7f424cd8999a9ba901aa3a6,3609656d867d8cbffd959f442748cb10e2708d59e9c791728321e67ce4fd0068
130,random,20261009,O1,64,success,0.0014359440000000002,4.973799150320701e-14,1.3018209863523874e-15,6ea10097b9ffa66fb927dfbf3176806083392bd6b7f424cd8999a9ba901aa3a6,3609656d867d8cbffd959f442748cb10e2708d59e9c791728321e67ce4fd0068
130,random,20261009,O1,128,success,0.001455743,4.973799150320701e-14,1.3018209863523874e-15,6ea10097b9ffa66fb927dfbf3176806083392bd6b7f424cd8999a9ba901aa3a6,3609656d867d8cbffd959f442748cb10e2708d59e9c791728321e67ce4fd0068
130,random,20261009,O2,8,success,0.00185059,4.973799150320701e-14,1.3018209863523874e-15,3966b4d302b0dfa5a51b2411d4a0822afb071b791c2db4ec60ac77aa06888d91,3609656d867d8cbffd959f442748cb10e2708d59e9c791728321e67ce4fd0068
130,random,20261009,O2,16,success,0.0016556440000000002,4.973799150320701e-14,1.3018209863523874e-15,3966b4d302b0dfa5a51b2411d4a0822afb071b791c2db4ec60ac77aa06888d91,3609656d867d8cbffd959f442748cb10e2708d59e9c791728321e67ce4fd0068
130,random,20261009,O2,24,success,0.001502208,4.973799150320701e-14,1.3018209863523874e-15,3966b4d302b0dfa5a51b2411d4a0822afb071b791c2db4ec60ac77aa06888d91,3609656d867d8cbffd959f442748cb10e2708d59e9c791728321e67ce4fd0068
130,random,20261009,O2,64,success,0.0017459060000000002,4.973799150320701e-14,1.3018209863523874e-15,3966b4d302b0dfa5a51b2411d4a0822afb071b791c2db4ec60ac77aa06888d91,3609656d867d8cbffd959f442748cb10e2708d59e9c791728321e67ce4fd0068
130,random,20261009,O2,128,success,0.0017691800000000002,4.973799150320701e-14,1.3018209863523874e-15,3966b4d302b0dfa5a51b2411d4a0822afb071b791c2db4ec60ac77aa06888d91,3609656d867d8cbffd959f442748cb10e2708d59e9c791728321e67ce4fd0068
130,random,20261009,O3,8,success,0.0027794100000000004,4.973799150320701e-14,1.3018209863523874e-15,e3b9fc11747b66012fef57a6b14bc85aa39dafe7300f93ebac06d3a2a5dc952f,3609656d867d8cbffd959f442748cb10e2708d59e9c791728321e67ce4fd0068
130,random,20261009,O3,16,success,0.002665331,4.973799150320701e-14,1.3018209863523874e-15,e3b9fc11747b66012fef57a6b14bc85aa39dafe7300f93ebac06d3a2a5dc952f,3609656d867d8cbffd959f442748cb10e2708d59e9c791728321e67ce4fd0068
130,random,20261009,O3,24,success,0.002566881,4.973799150320701e-14,1.3018209863523874e-15,e3b9fc11747b66012fef57a6b14bc85aa39dafe7300f93ebac06d3a2a5dc952f,3609656d867d8cbffd959f442748cb10e2708d59e9c791728321e67ce4fd0068
130,random,20261009,O3,64,success,0.0024658320000000003,4.973799150320701e-14,1.3018209863523874e-15,e3b9fc11747b66012fef57a6b14bc85aa39dafe7300f93ebac06d3a2a5dc952f,3609656d867d8cbffd959f442748cb10e2708d59e9c791728321e67ce4fd0068
130,random,20261009,O3,128,success,0.002705784,4.973799150320701e-14,1.3018209863523874e-15,e3b9fc11747b66012fef57a6b14bc85aa39dafe7300f93ebac06d3a2a5dc952f,3609656d867d8cbffd959f442748cb10e2708d59e9c791728321e67ce4fd0068
130,zero,20261008,O0,8,success,0.016983082,0,0,c45ed678a33b1079afc70e17f715b83fda7855a43c7d1eaa338884eb0e3d65e8,3cea0e6f5b002ff29fc384f2ed2f3bafce9bb6c85df42b3cbc56126d4e6674b5
130,zero,20261008,O0,16,success,0.017261563,0,0,c45ed678a33b1079afc70e17f715b83fda7855a43c7d1eaa338884eb0e3d65e8,3cea0e6f5b002ff29fc384f2ed2f3bafce9bb6c85df42b3cbc56126d4e6674b5
130,zero,20261008,O0,24,success,0.016881379000000002,0,0,c45ed678a33b1079afc70e17f715b83fda7855a43c7d1eaa338884eb0e3d65e8,3cea0e6f5b002ff29fc384f2ed2f3bafce9bb6c85df42b3cbc56126d4e6674b5
130,zero,20261008,O0,64,success,0.016813104000000002,0,0,c45ed678a33b1079afc70e17f715b83fda7855a43c7d1eaa338884eb0e3d65e8,3cea0e6f5b002ff29fc384f2ed2f3bafce9bb6c85df42b3cbc56126d4e6674b5
130,zero,20261008,O0,128,success,0.016516108,0,0,c45ed678a33b1079afc70e17f715b83fda7855a43c7d1eaa338884eb0e3d65e8,3cea0e6f5b002ff29fc384f2ed2f3bafce9bb6c85df42b3cbc56126d4e6674b5
130,zero,20261008,O1,8,success,0.0019022120000000001,0,0,6ea10097b9ffa66fb927dfbf3176806083392bd6b7f424cd8999a9ba901aa3a6,3cea0e6f5b002ff29fc384f2ed2f3bafce9bb6c85df42b3cbc56126d4e6674b5
130,zero,20261008,O1,16,success,0.0015830750000000002,0,0,6ea10097b9ffa66fb927dfbf3176806083392bd6b7f424cd8999a9ba901aa3a6,3cea0e6f5b002ff29fc384f2ed2f3bafce9bb6c85df42b3cbc56126d4e6674b5
130,zero,20261008,O1,24,success,0.001532713,0,0,6ea10097b9ffa66fb927dfbf3176806083392bd6b7f424cd8999a9ba901aa3a6,3cea0e6f5b002ff29fc384f2ed2f3bafce9bb6c85df42b3cbc56126d4e6674b5
130,zero,20261008,O1,64,success,0.001465416,0,0,6ea10097b9ffa66fb927dfbf3176806083392bd6b7f424cd8999a9ba901aa3a6,3cea0e6f5b002ff29fc384f2ed2f3bafce9bb6c85df42b3cbc56126d4e6674b5
130,zero,20261008,O1,128,success,0.0015655780000000002,0,0,6ea10097b9ffa66fb927dfbf3176806083392bd6b7f424cd8999a9ba901aa3a6,3cea0e6f5b002ff29fc384f2ed2f3bafce9bb6c85df42b3cbc56126d4e6674b5
130,zero,20261008,O2,8,success,0.0018565220000000002,0,0,3966b4d302b0dfa5a51b2411d4a0822afb071b791c2db4ec60ac77aa06888d91,3cea0e6f5b002ff29fc384f2ed2f3bafce9bb6c85df42b3cbc56126d4e6674b5
130,zero,20261008,O2,16,success,0.001553417,0,0,3966b4d302b0dfa5a51b2411d4a0822afb071b791c2db4ec60ac77aa06888d91,3cea0e6f5b002ff29fc384f2ed2f3bafce9bb6c85df42b3cbc56126d4e6674b5
130,zero,20261008,O2,24,success,0.001522881,0,0,3966b4d302b0dfa5a51b2411d4a0822afb071b791c2db4ec60ac77aa06888d91,3cea0e6f5b002ff29fc384f2ed2f3bafce9bb6c85df42b3cbc56126d4e6674b5
130,zero,20261008,O2,64,success,0.00177483,0,0,3966b4d302b0dfa5a51b2411d4a0822afb071b791c2db4ec60ac77aa06888d91,3cea0e6f5b002ff29fc384f2ed2f3bafce9bb6c85df42b3cbc56126d4e6674b5
130,zero,20261008,O2,128,success,0.0015272920000000002,0,0,3966b4d302b0dfa5a51b2411d4a0822afb071b791c2db4ec60ac77aa06888d91,3cea0e6f5b002ff29fc384f2ed2f3bafce9bb6c85df42b3cbc56126d4e6674b5
130,zero,20261008,O3,8,success,0.002716067,0,0,e3b9fc11747b66012fef57a6b14bc85aa39dafe7300f93ebac06d3a2a5dc952f,3cea0e6f5b002ff29fc384f2ed2f3bafce9bb6c85df42b3cbc56126d4e6674b5
130,zero,20261008,O3,16,success,0.0026585130000000004,0,0,e3b9fc11747b66012fef57a6b14bc85aa39dafe7300f93ebac06d3a2a5dc952f,3cea0e6f5b002ff29fc384f2ed2f3bafce9bb6c85df42b3cbc56126d4e6674b5
130,zero,20261008,O3,24,success,0.0025916840000000003,0,0,e3b9fc11747b66012fef57a6b14bc85aa39dafe7300f93ebac06d3a2a5dc952f,3cea0e6f5b002ff29fc384f2ed2f3bafce9bb6c85df42b3cbc56126d4e6674b5
130,zero,20261008,O3,64,success,0.002572262,0,0,e3b9fc11747b66012fef57a6b14bc85aa39dafe7300f93ebac06d3a2a5dc952f,3cea0e6f5b002ff29fc384f2ed2f3bafce9bb6c85df42b3cbc56126d4e6674b5
130,zero,20261008,O3,128,success,0.0024799600000000002,0,0,e3b9fc11747b66012fef57a6b14bc85aa39dafe7300f93ebac06d3a2a5dc952f,3cea0e6f5b002ff29fc384f2ed2f3bafce9bb6c85df42b3cbc56126d4e6674b5
130,identity,20261008,O0,8,success,0.016955784,0,0,c45ed678a33b1079afc70e17f715b83fda7855a43c7d1eaa338884eb0e3d65e8,4ba40cacf55ea837cb6988d0bf97ec8f27df32a05da12ef67b9eb43aa16e2afa
130,identity,20261008,O0,16,success,0.01692259,0,0,c45ed678a33b1079afc70e17f715b83fda7855a43c7d1eaa338884eb0e3d65e8,4ba40cacf55ea837cb6988d0bf97ec8f27df32a05da12ef67b9eb43aa16e2afa
130,identity,20261008,O0,24,success,0.016642726,0,0,c45ed678a33b1079afc70e17f715b83fda7855a43c7d1eaa338884eb0e3d65e8,4ba40cacf55ea837cb6988d0bf97ec8f27df32a05da12ef67b9eb43aa16e2afa
130,identity,20261008,O0,64,success,0.016576924,0,0,c45ed678a33b1079afc70e17f715b83fda7855a43c7d1eaa338884eb0e3d65e8,4ba40cacf55ea837cb6988d0bf97ec8f27df32a05da12ef67b9eb43aa16e2afa
130,identity,20261008,O0,128,success,0.017009667000000003,0,0,c45ed678a33b1079afc70e17f715b83fda7855a43c7d1eaa338884eb0e3d65e8,4ba40cacf55ea837cb6988d0bf97ec8f27df32a05da12ef67b9eb43aa16e2afa
130,identity,20261008,O1,8,success,0.001970915,0,0,6ea10097b9ffa66fb927dfbf3176806083392bd6b7f424cd8999a9ba901aa3a6,4ba40cacf55ea837cb6988d0bf97ec8f27df32a05da12ef67b9eb43aa16e2afa
130,identity,20261008,O1,16,success,0.001725755,0,0,6ea10097b9ffa66fb927dfbf3176806083392bd6b7f424cd8999a9ba901aa3a6,4ba40cacf55ea837cb6988d0bf97ec8f27df32a05da12ef67b9eb43aa16e2afa
130,identity,20261008,O1,24,success,0.001568411,0,0,6ea10097b9ffa66fb927dfbf3176806083392bd6b7f424cd8999a9ba901aa3a6,4ba40cacf55ea837cb6988d0bf97ec8f27df32a05da12ef67b9eb43aa16e2afa
130,identity,20261008,O1,64,success,0.0015520960000000002,0,0,6ea10097b9ffa66fb927dfbf3176806083392bd6b7f424cd8999a9ba901aa3a6,4ba40cacf55ea837cb6988d0bf97ec8f27df32a05da12ef67b9eb43aa16e2afa
130,identity,20261008,O1,128,success,0.0016157130000000002,0,0,6ea10097b9ffa66fb927dfbf3176806083392bd6b7f424cd8999a9ba901aa3a6,4ba40cacf55ea837cb6988d0bf97ec8f27df32a05da12ef67b9eb43aa16e2afa
130,identity,20261008,O2,8,success,0.0019180960000000002,0,0,3966b4d302b0dfa5a51b2411d4a0822afb071b791c2db4ec60ac77aa06888d91,4ba40cacf55ea837cb6988d0bf97ec8f27df32a05da12ef67b9eb43aa16e2afa
130,identity,20261008,O2,16,success,0.00178625,0,0,3966b4d302b0dfa5a51b2411d4a0822afb071b791c2db4ec60ac77aa06888d91,4ba40cacf55ea837cb6988d0bf97ec8f27df32a05da12ef67b9eb43aa16e2afa
130,identity,20261008,O2,24,success,0.0014924080000000002,0,0,3966b4d302b0dfa5a51b2411d4a0822afb071b791c2db4ec60ac77aa06888d91,4ba40cacf55ea837cb6988d0bf97ec8f27df32a05da12ef67b9eb43aa16e2afa
130,identity,20261008,O2,64,success,0.0017036100000000002,0,0,3966b4d302b0dfa5a51b2411d4a0822afb071b791c2db4ec60ac77aa06888d91,4ba40cacf55ea837cb6988d0bf97ec8f27df32a05da12ef67b9eb43aa16e2afa
130,identity,20261008,O2,128,success,0.0015608170000000002,0,0,3966b4d302b0dfa5a51b2411d4a0822afb071b791c2db4ec60ac77aa06888d91,4ba40cacf55ea837cb6988d0bf97ec8f27df32a05da12ef67b9eb43aa16e2afa
130,identity,20261008,O3,8,success,0.002804202,0,0,e3b9fc11747b66012fef57a6b14bc85aa39dafe7300f93ebac06d3a2a5dc952f,4ba40cacf55ea837cb6988d0bf97ec8f27df32a05da12ef67b9eb43aa16e2afa
130,identity,20261008,O3,16,success,0.002501854,0,0,e3b9fc11747b66012fef57a6b14bc85aa39dafe7300f93ebac06d3a2a5dc952f,4ba40cacf55ea837cb6988d0bf97ec8f27df32a05da12ef67b9eb43aa16e2afa
130,identity,20261008,O3,24,success,0.00256615,0,0,e3b9fc11747b66012fef57a6b14bc85aa39dafe7300f93ebac06d3a2a5dc952f,4ba40cacf55ea837cb6988d0bf97ec8f27df32a05da12ef67b9eb43aa16e2afa
130,identity,20261008,O3,64,success,0.0024454890000000003,0,0,e3b9fc11747b66012fef57a6b14bc85aa39dafe7300f93ebac06d3a2a5dc952f,4ba40cacf55ea837cb6988d0bf97ec8f27df32a05da12ef67b9eb43aa16e2afa
130,identity,20261008,O3,128,success,0.0024876100000000003,0,0,e3b9fc11747b66012fef57a6b14bc85aa39dafe7300f93ebac06d3a2a5dc952f,4ba40cacf55ea837cb6988d0bf97ec8f27df32a05da12ef67b9eb43aa16e2afa
