label,matrix_n,optimization,block_size,classification,compute_seconds,process_wall_seconds,max_abs_error,max_rel_error,build_key,reference_key
medium_n512_O0_s64,512,O0,64,success,0.826438512,0.8677919680000059,0,0,69faae3140f68cc6787a1e32230f6165704a98268c009ea4c7d1e589067adc64,4f846ee767827ccc630516c644e9e17571144ebbe052ff882d26b9c795c62d78
medium_n512_O1_s64,512,O1,64,success,0.15754474000000002,0.1781287179999822,0,0,3abc9f2de78913e4746d22266aef519ecd4a8a0e1931a8f64a692c3050c92178,4f846ee767827ccc630516c644e9e17571144ebbe052ff882d26b9c795c62d78
medium_n512_O2_s64,512,O2,64,success,0.100719243,0.1236543450000056,0,0,f3b7ce9ea9479b8f3739a5e98bb3396778ed379f633baa5b698e4baeff1dd5da,4f846ee767827ccc630516c644e9e17571144ebbe052ff882d26b9c795c62d78
medium_n512_O3_s64,512,O3,64,success,0.1573821339999999,0.17405512499999531,0,0,0ef665f6070d88ce4635ab1396a494cfe452ba362902841099460cfc2d96f55b,4f846ee767827ccc630516c644e9e17571144ebbe052ff882d26b9c795c62d78
default_n4096_O0_s64_pilot,4096,O0,64,success,421.266406358,423.48207511699997,0,0,a4486315433c4458fa3cc307cacef11bf4d07db8eb30f273d137cc67cb5b9ee1,e797b5aadc298348b1da086fde1c80f44e45e53079a017cbab22e03b17dc2bca
default_n4096_O1_s64_pilot,4096,O1,64,success,79.839050235,81.19122722999998,0,0,80c76944d5efcdfbabafe40b307c08764882624d8cd4d24fadc78298b2f2f2e3,e797b5aadc298348b1da086fde1c80f44e45e53079a017cbab22e03b17dc2bca
default_n4096_O2_s64_pilot,4096,O2,64,success,49.390783809,50.23760100499999,0,0,19f2bb3b44582c9dfc7b7cbebe11a5c16baeef9dc84f219a76bbfdf402ec4fed,e797b5aadc298348b1da086fde1c80f44e45e53079a017cbab22e03b17dc2bca
default_n4096_O3_s64_pilot,4096,O3,64,success,79.570399635,80.71975869300002,0,0,afbe78015e4efecb91ad6a86bc453273b249c588a72e78435ff2b1e80b0d254e,e797b5aadc298348b1da086fde1c80f44e45e53079a017cbab22e03b17dc2bca
default_n4096_O3_s64_warmup,4096,O3,64,success,78.117426883,78.93967875099997,0,0,afbe78015e4efecb91ad6a86bc453273b249c588a72e78435ff2b1e80b0d254e,e797b5aadc298348b1da086fde1c80f44e45e53079a017cbab22e03b17dc2bca
default_n4096_O3_s64_repeat1,4096,O3,64,success,78.552165487,79.38054593200002,0,0,afbe78015e4efecb91ad6a86bc453273b249c588a72e78435ff2b1e80b0d254e,e797b5aadc298348b1da086fde1c80f44e45e53079a017cbab22e03b17dc2bca
default_n4096_O3_s64_repeat2,4096,O3,64,success,78.081704231,78.91359856899999,0,0,afbe78015e4efecb91ad6a86bc453273b249c588a72e78435ff2b1e80b0d254e,e797b5aadc298348b1da086fde1c80f44e45e53079a017cbab22e03b17dc2bca
default_n4096_O3_s64_repeat3,4096,O3,64,success,78.789158568,79.62840916099981,0,0,afbe78015e4efecb91ad6a86bc453273b249c588a72e78435ff2b1e80b0d254e,e797b5aadc298348b1da086fde1c80f44e45e53079a017cbab22e03b17dc2bca
default_n4096_O3_s64_repeat4,4096,O3,64,success,80.035353854,80.88314342199988,0,0,afbe78015e4efecb91ad6a86bc453273b249c588a72e78435ff2b1e80b0d254e,e797b5aadc298348b1da086fde1c80f44e45e53079a017cbab22e03b17dc2bca
default_n4096_O3_s64_repeat5,4096,O3,64,success,79.960097408,80.78523661899999,0,0,afbe78015e4efecb91ad6a86bc453273b249c588a72e78435ff2b1e80b0d254e,e797b5aadc298348b1da086fde1c80f44e45e53079a017cbab22e03b17dc2bca
