workload,heap_config,planned_n,valid_n,invalid_n,mean_score_ops_per_min,score_sample_sd,score_cv_percent,score_change_vs_default_percent,mean_measurement_gc_count,mean_measurement_full_gc_count,mean_measurement_gc_pause_s,mean_measurement_pre_gc_max_heap_percent,mean_measurement_post_gc_max_heap_percent,boundary_uncertain_events_total,phase_alignment_method
compress,default,3,3,0,517.567,6.051,1.169,0.000,107.000,2.000,0.544348,24.082,11.544,38,estimated; ±1 s boundary excluded
compress,xmx512m,3,3,0,508.677,0.855,0.168,-1.718,159.000,2.000,0.925494,74.202,44.421,40,estimated; ±1 s boundary excluded
compress,xmx1024m,3,3,0,516.047,10.128,1.963,-0.294,129.333,1.667,0.644118,40.139,20.939,43,estimated; ±1 s boundary excluded
compress,xmx2560m,3,3,0,486.177,8.405,1.729,-6.065,107.333,1.333,0.557920,16.823,8.314,38,estimated; ±1 s boundary excluded
derby,default,3,3,0,717.743,32.816,4.572,0.000,2202.000,0.000,13.579731,73.960,40.882,171,estimated; ±1 s boundary excluded
derby,xmx512m,3,0,3,,,,,,,,,,0,
derby,xmx1024m,3,3,0,225.753,9.225,4.086,-68.547,1861.667,1861.667,164.416770,94.030,71.388,150,estimated; ±1 s boundary excluded
derby,xmx2560m,3,3,0,738.560,29.297,3.967,2.900,1667.000,0.000,10.483663,63.518,30.389,131,estimated; ±1 s boundary excluded
sunflow,default,3,3,0,312.263,5.611,1.797,0.000,1567.667,32.000,15.158948,40.940,9.437,153,estimated; ±1 s boundary excluded
sunflow,xmx512m,3,3,0,283.807,4.700,1.656,-9.113,5251.667,45.667,31.935458,57.599,26.176,423,estimated; ±1 s boundary excluded
sunflow,xmx1024m,3,3,0,304.783,12.594,4.132,-2.395,2824.000,38.000,21.258090,46.834,15.303,243,estimated; ±1 s boundary excluded
sunflow,xmx2560m,3,3,0,304.820,4.067,1.334,-2.384,1132.667,28.667,12.163204,38.514,7.097,115,estimated; ±1 s boundary excluded
scimark.fft.large,default,3,3,0,112.123,5.712,5.094,0.000,27.000,27.000,2.837656,68.094,41.078,18,estimated; ±1 s boundary excluded
scimark.fft.large,xmx512m,3,0,3,,,,,,,,,,0,
scimark.fft.large,xmx1024m,3,0,3,,,,,,,,,,0,
scimark.fft.large,xmx2560m,3,3,0,113.783,5.391,4.738,1.481,36.000,16.000,2.528558,53.871,37.479,12,estimated; ±1 s boundary excluded
