workload,heap_config,run_id,run_key,status,result_id,raw_run_start_epoch_ms,metadata_start_epoch_ms,raw_start_minus_metadata_start_s,warmup_start_epoch_ms,warmup_end_epoch_ms,measurement_start_epoch_ms,measurement_end_epoch_ms,phase_alignment_method,phase_alignment_uncertainty_s,phase_availability
compress,default,Run1,compress__default__r1,valid,SPECjvm2008.017,1790851509000,1790851509000,0.000,1790851563177,1790851683177,1790851686561,1790851926561,SPEC raw run-date second + GC uptime; 1 s conservative boundary,1.000,estimated_for_complete_valid_run
compress,xmx512m,Run1,compress__xmx512m__r1,valid,SPECjvm2008.018,1790851942000,1790851942000,0.000,1790851995750,1790852115750,1790852119332,1790852359332,SPEC raw run-date second + GC uptime; 1 s conservative boundary,1.000,estimated_for_complete_valid_run
compress,xmx1024m,Run1,compress__xmx1024m__r1,valid,SPECjvm2008.019,1790852375000,1790852374000,1.000,1790852429658,1790852549658,1790852551822,1790852791822,SPEC raw run-date second + GC uptime; 1 s conservative boundary,1.000,estimated_for_complete_valid_run
compress,xmx2560m,Run1,compress__xmx2560m__r1,valid,SPECjvm2008.020,1790852807000,1790852807000,0.000,1790852860301,1790852980301,1790852983894,1790853223894,SPEC raw run-date second + GC uptime; 1 s conservative boundary,1.000,estimated_for_complete_valid_run
compress,default,Run2,compress__default__r2,valid,SPECjvm2008.024,1790854535000,1790854534000,1.000,1790854588700,1790854708700,1790854711868,1790854951868,SPEC raw run-date second + GC uptime; 1 s conservative boundary,1.000,estimated_for_complete_valid_run
compress,xmx512m,Run2,compress__xmx512m__r2,valid,SPECjvm2008.023,1790854103000,1790854102000,1.000,1790854155784,1790854275784,1790854279211,1790854519211,SPEC raw run-date second + GC uptime; 1 s conservative boundary,1.000,estimated_for_complete_valid_run
compress,xmx1024m,Run2,compress__xmx1024m__r2,valid,SPECjvm2008.022,1790853671000,1790853670000,1.000,1790853724102,1790853844102,1790853847586,1790854087586,SPEC raw run-date second + GC uptime; 1 s conservative boundary,1.000,estimated_for_complete_valid_run
compress,xmx2560m,Run2,compress__xmx2560m__r2,valid,SPECjvm2008.021,1790853240000,1790853239000,1.000,1790853291983,1790853411983,1790853414926,1790853654926,SPEC raw run-date second + GC uptime; 1 s conservative boundary,1.000,estimated_for_complete_valid_run
compress,default,Run3,compress__default__r3,valid,SPECjvm2008.027,1790867795000,1790867794000,1.000,1790867848268,1790867968268,1790867971196,1790868211196,SPEC raw run-date second + GC uptime; 1 s conservative boundary,1.000,estimated_for_complete_valid_run
compress,xmx512m,Run3,compress__xmx512m__r3,valid,SPECjvm2008.025,1790854967000,1790854967000,0.000,1790855020443,1790855140443,1790855144004,1790855384004,SPEC raw run-date second + GC uptime; 1 s conservative boundary,1.000,estimated_for_complete_valid_run
compress,xmx1024m,Run3,compress__xmx1024m__r3,valid,SPECjvm2008.029,1790868658000,1790868658000,0.000,1790868709892,1790868829892,1790868833219,1790869073219,SPEC raw run-date second + GC uptime; 1 s conservative boundary,1.000,estimated_for_complete_valid_run
compress,xmx2560m,Run3,compress__xmx2560m__r3,valid,SPECjvm2008.028,1790868227000,1790868227000,0.000,1790868279863,1790868399863,1790868403353,1790868643353,SPEC raw run-date second + GC uptime; 1 s conservative boundary,1.000,estimated_for_complete_valid_run
derby,default,Run1,derby__default__r1,valid,SPECjvm2008.030,1790869088000,1790869088000,0.000,1790869182261,1790869302261,1790869304516,1790869544516,SPEC raw run-date second + GC uptime; 1 s conservative boundary,1.000,estimated_for_complete_valid_run
derby,xmx512m,Run1,derby__xmx512m__r1,invalid,SPECjvm2008.031,,,,,,,,,,unavailable_incomplete_invalid_run
derby,xmx1024m,Run1,derby__xmx1024m__r1,valid,SPECjvm2008.032,1790870659000,1790870658000,1.000,1790870761183,1790870881183,1790870889008,1790871129008,SPEC raw run-date second + GC uptime; 1 s conservative boundary,1.000,estimated_for_complete_valid_run
derby,xmx2560m,Run1,derby__xmx2560m__r1,valid,SPECjvm2008.033,1790871147000,1790871147000,0.000,1790871249188,1790871369188,1790871371329,1790871611329,SPEC raw run-date second + GC uptime; 1 s conservative boundary,1.000,estimated_for_complete_valid_run
derby,default,Run2,derby__default__r2,valid,SPECjvm2008.037,1790873518000,1790873517000,1.000,1790873618481,1790873738481,1790873740781,1790873980781,SPEC raw run-date second + GC uptime; 1 s conservative boundary,1.000,estimated_for_complete_valid_run
derby,xmx512m,Run2,derby__xmx512m__r2,invalid,SPECjvm2008.036,,,,,,,,,,unavailable_incomplete_invalid_run
derby,xmx1024m,Run2,derby__xmx1024m__r2,valid,SPECjvm2008.035,1790872102000,1790872102000,0.000,1790872202853,1790872322853,1790872330487,1790872570487,SPEC raw run-date second + GC uptime; 1 s conservative boundary,1.000,estimated_for_complete_valid_run
derby,xmx2560m,Run2,derby__xmx2560m__r2,valid,SPECjvm2008.034,1790871626000,1790871626000,0.000,1790871725484,1790871845484,1790871847600,1790872087600,SPEC raw run-date second + GC uptime; 1 s conservative boundary,1.000,estimated_for_complete_valid_run
derby,default,Run3,derby__default__r3,valid,SPECjvm2008.039,1790874905000,1790874905000,0.000,1790875028205,1790875148205,1790875150705,1790875390705,SPEC raw run-date second + GC uptime; 1 s conservative boundary,1.000,estimated_for_complete_valid_run
derby,xmx512m,Run3,derby__xmx512m__r3,invalid,SPECjvm2008.038,,,,,,,,,,unavailable_incomplete_invalid_run
derby,xmx1024m,Run3,derby__xmx1024m__r3,valid,SPECjvm2008.041,1790875887000,1790875886000,1.000,1790875990964,1790876110964,1790876119707,1790876359707,SPEC raw run-date second + GC uptime; 1 s conservative boundary,1.000,estimated_for_complete_valid_run
derby,xmx2560m,Run3,derby__xmx2560m__r3,valid,SPECjvm2008.040,1790875406000,1790875405000,1.000,1790875509395,1790875629395,1790875631510,1790875871510,SPEC raw run-date second + GC uptime; 1 s conservative boundary,1.000,estimated_for_complete_valid_run
sunflow,default,Run1,sunflow__default__r1,valid,SPECjvm2008.042,1790876378000,1790876378000,0.000,1790876433459,1790876553459,1790876557819,1790876797819,SPEC raw run-date second + GC uptime; 1 s conservative boundary,1.000,estimated_for_complete_valid_run
sunflow,xmx512m,Run1,sunflow__xmx512m__r1,valid,SPECjvm2008.043,1790876814000,1790876814000,0.000,1790876869108,1790876989108,1790876993322,1790877233322,SPEC raw run-date second + GC uptime; 1 s conservative boundary,1.000,estimated_for_complete_valid_run
sunflow,xmx1024m,Run1,sunflow__xmx1024m__r1,valid,SPECjvm2008.044,1790877250000,1790877250000,0.000,1790877304362,1790877424362,1790877429152,1790877669152,SPEC raw run-date second + GC uptime; 1 s conservative boundary,1.000,estimated_for_complete_valid_run
sunflow,xmx2560m,Run1,sunflow__xmx2560m__r1,valid,SPECjvm2008.045,1790877686000,1790877685000,1.000,1790877739877,1790877859877,1790877865158,1790878105158,SPEC raw run-date second + GC uptime; 1 s conservative boundary,1.000,estimated_for_complete_valid_run
sunflow,default,Run2,sunflow__default__r2,valid,SPECjvm2008.049,1790879422000,1790879422000,0.000,1790879476445,1790879596445,1790879601084,1790879841084,SPEC raw run-date second + GC uptime; 1 s conservative boundary,1.000,estimated_for_complete_valid_run
sunflow,xmx512m,Run2,sunflow__xmx512m__r2,valid,SPECjvm2008.048,1790878987000,1790878986000,1.000,1790879040299,1790879160299,1790879165023,1790879405023,SPEC raw run-date second + GC uptime; 1 s conservative boundary,1.000,estimated_for_complete_valid_run
sunflow,xmx1024m,Run2,sunflow__xmx1024m__r2,valid,SPECjvm2008.047,1790878559000,1790878558000,1.000,1790878605730,1790878725730,1790878730883,1790878970883,SPEC raw run-date second + GC uptime; 1 s conservative boundary,1.000,estimated_for_complete_valid_run
sunflow,xmx2560m,Run2,sunflow__xmx2560m__r2,valid,SPECjvm2008.046,1790878122000,1790878121000,1.000,1790878177012,1790878297012,1790878302190,1790878542190,SPEC raw run-date second + GC uptime; 1 s conservative boundary,1.000,estimated_for_complete_valid_run
sunflow,default,Run3,sunflow__default__r3,valid,SPECjvm2008.051,1790880298000,1790880298000,0.000,1790880352709,1790880472709,1790880477213,1790880717213,SPEC raw run-date second + GC uptime; 1 s conservative boundary,1.000,estimated_for_complete_valid_run
sunflow,xmx512m,Run3,sunflow__xmx512m__r3,valid,SPECjvm2008.050,1790879860000,1790879859000,1.000,1790879915273,1790880035273,1790880040918,1790880280918,SPEC raw run-date second + GC uptime; 1 s conservative boundary,1.000,estimated_for_complete_valid_run
sunflow,xmx1024m,Run3,sunflow__xmx1024m__r3,valid,SPECjvm2008.053,1790881170000,1790881170000,0.000,1790881222303,1790881342303,1790881346482,1790881586482,SPEC raw run-date second + GC uptime; 1 s conservative boundary,1.000,estimated_for_complete_valid_run
sunflow,xmx2560m,Run3,sunflow__xmx2560m__r3,valid,SPECjvm2008.052,1790880734000,1790880734000,0.000,1790880789172,1790880909172,1790880914025,1790881154025,SPEC raw run-date second + GC uptime; 1 s conservative boundary,1.000,estimated_for_complete_valid_run
scimark.fft.large,default,Run1,scimark_fft_large__default__r1,valid,SPECjvm2008.054,1790881602000,1790881602000,0.000,1790881655831,1790881775831,1790881791105,1790882031105,SPEC raw run-date second + GC uptime; 1 s conservative boundary,1.000,estimated_for_complete_valid_run
scimark.fft.large,xmx512m,Run1,scimark_fft_large__xmx512m__r1,invalid,SPECjvm2008.055,,,,,,,,,,unavailable_incomplete_invalid_run
scimark.fft.large,xmx1024m,Run1,scimark_fft_large__xmx1024m__r1,invalid,SPECjvm2008.056,,,,,,,,,,unavailable_incomplete_invalid_run
scimark.fft.large,xmx2560m,Run1,scimark_fft_large__xmx2560m__r1,valid,SPECjvm2008.057,1790882205000,1790882205000,0.000,1790882257422,1790882377422,1790882391560,1790882631560,SPEC raw run-date second + GC uptime; 1 s conservative boundary,1.000,estimated_for_complete_valid_run
scimark.fft.large,default,Run2,scimark_fft_large__default__r2,valid,SPECjvm2008.061,1790883256000,1790883256000,0.000,1790883308085,1790883428085,1790883442082,1790883682082,SPEC raw run-date second + GC uptime; 1 s conservative boundary,1.000,estimated_for_complete_valid_run
scimark.fft.large,xmx512m,Run2,scimark_fft_large__xmx512m__r2,invalid,SPECjvm2008.060,,,,,,,,,,unavailable_incomplete_invalid_run
scimark.fft.large,xmx1024m,Run2,scimark_fft_large__xmx1024m__r2,invalid,SPECjvm2008.059,,,,,,,,,,unavailable_incomplete_invalid_run
scimark.fft.large,xmx2560m,Run2,scimark_fft_large__xmx2560m__r2,valid,SPECjvm2008.058,1790882655000,1790882655000,0.000,1790882707746,1790882827746,1790882842445,1790883082445,SPEC raw run-date second + GC uptime; 1 s conservative boundary,1.000,estimated_for_complete_valid_run
scimark.fft.large,default,Run3,scimark_fft_large__default__r3,valid,SPECjvm2008.063,1790883779000,1790883779000,0.000,1790883830947,1790883950947,1790883965184,1790884205184,SPEC raw run-date second + GC uptime; 1 s conservative boundary,1.000,estimated_for_complete_valid_run
scimark.fft.large,xmx512m,Run3,scimark_fft_large__xmx512m__r3,invalid,SPECjvm2008.062,,,,,,,,,,unavailable_incomplete_invalid_run
scimark.fft.large,xmx1024m,Run3,scimark_fft_large__xmx1024m__r3,invalid,SPECjvm2008.065,,,,,,,,,,unavailable_incomplete_invalid_run
scimark.fft.large,xmx2560m,Run3,scimark_fft_large__xmx2560m__r3,valid,SPECjvm2008.064,1790884229000,1790884229000,0.000,1790884281574,1790884401574,1790884414762,1790884654762,SPEC raw run-date second + GC uptime; 1 s conservative boundary,1.000,estimated_for_complete_valid_run
