workload,heap_config,planned_n,attempts,valid_n,invalid_n,not_attempted_n,mean_score_ops_per_min,sample_std_score_ops_per_min,cv_score_percent,mean_gc_time_s,sample_std_gc_time_s,cv_gc_time_percent,mean_gc_count,mean_gc_max_logged_heap_capacity_mib,score_change_vs_default_percent
compress,default,3,3,3,0,0,517.567,6.051,1.169,1.146996,0.135460,11.810,184.333,646.000,0.000
compress,xmx512m,3,3,3,0,0,508.677,0.855,0.168,1.620367,0.257340,15.882,263.667,503.500,-1.718
compress,xmx1024m,3,3,3,0,0,516.047,10.128,1.963,1.306958,0.189910,14.531,220.667,575.833,-0.294
compress,xmx2560m,3,3,3,0,0,486.177,8.405,1.729,1.105492,0.196948,17.815,184.000,564.000,-6.065
derby,default,3,3,3,0,0,717.743,32.816,4.572,22.350808,1.047379,4.686,3394.667,1543.167,0.000
derby,xmx512m,3,3,0,3,0,,,,,,,,,
derby,xmx1024m,3,3,3,0,0,225.753,9.225,4.086,260.711335,1.079319,0.414,2887.000,992.333,-68.547
derby,xmx2560m,3,3,3,0,0,738.560,29.297,3.967,17.582350,0.579455,3.296,2570.000,1771.167,2.900
sunflow,default,3,3,3,0,0,312.263,5.611,1.797,23.886374,0.790458,3.309,2437.000,1005.333,0.000
sunflow,xmx512m,3,3,3,0,0,283.807,4.700,1.656,49.433725,0.266083,0.538,8128.667,446.667,-9.113
sunflow,xmx1024m,3,3,3,0,0,304.783,12.594,4.132,33.162211,0.809289,2.440,4385.667,671.500,-2.395
sunflow,xmx2560m,3,3,3,0,0,304.820,4.067,1.334,19.155774,0.156506,0.817,1764.000,1236.833,-2.384
scimark.fft.large,default,3,3,3,0,0,112.123,5.712,5.094,4.998475,0.072728,1.455,52.333,1321.500,0.000
scimark.fft.large,xmx512m,3,3,0,3,0,,,,,,,,,
scimark.fft.large,xmx1024m,3,3,0,3,0,,,,,,,,,
scimark.fft.large,xmx2560m,3,3,3,0,0,113.783,5.391,4.738,4.409182,0.858506,19.471,69.667,2557.667,1.481
