workload,heap_config,run_id,run_key,status,invalid_reason,result_id,score_ops_per_min,warmup_ops_per_min,runtime_s,warmup_runtime_s,attempt_wall_s,gc_count,gc_young_count,gc_full_count,gc_time_s,gc_max_logged_heap_capacity_mib,gc_scope,gc_parse_error,java_exit_status,reporter_exit_status,start_time,end_time,max_heap_bytes,raw_path,txt_path,run_log_path,gc_log_path,command
compress,default,Run1,compress__default__r1,valid,,SPECjvm2008.017,513.88,512.14,240.000,120.000,424.000,151,144,7,1.0077370,646.500,whole_java_process,,0,0,2026-10-01T18:45:09+08:00,2026-10-01T18:52:13+08:00,1977614336,specjvm2008/results/SPECjvm2008.017/SPECjvm2008.017.raw,specjvm2008/results/SPECjvm2008.017/SPECjvm2008.017.txt,logs/jvm_parameter/default/compress__default__r1.log,logs/jvm_parameter/gc/compress__default__r1.gc.log,/home/gubingren/java/java-se-7u75-ri/bin/java -XX:+PrintGCDetails -XX:+PrintGCTimeStamps -Xloggc:/home/gubingren/benchmarks/SPECjvm2008/optional_run_logs/compress__default__r1.gc.log  -jar SPECjvm2008.jar --base -bt 16 compress
compress,xmx512m,Run1,compress__xmx512m__r1,valid,,SPECjvm2008.018,508.38,502.09,240.000,120.000,424.000,254,246,8,1.4341850,502.500,whole_java_process,,0,0,2026-10-01T18:52:22+08:00,2026-10-01T18:59:26+08:00,536870912,specjvm2008/results/SPECjvm2008.018/SPECjvm2008.018.raw,specjvm2008/results/SPECjvm2008.018/SPECjvm2008.018.txt,logs/jvm_parameter/xmx512m/compress__xmx512m__r1.log,logs/jvm_parameter/gc/compress__xmx512m__r1.gc.log,/home/gubingren/java/java-se-7u75-ri/bin/java -XX:+PrintGCDetails -XX:+PrintGCTimeStamps -Xloggc:/home/gubingren/benchmarks/SPECjvm2008/optional_run_logs/compress__xmx512m__r1.gc.log -Xmx512m -jar SPECjvm2008.jar --base -bt 16 compress
compress,xmx1024m,Run1,compress__xmx1024m__r1,valid,,SPECjvm2008.019,510.34,507.55,240.000,120.000,424.000,264,257,7,1.5026610,584.000,whole_java_process,,0,0,2026-10-01T18:59:34+08:00,2026-10-01T19:06:38+08:00,1073741824,specjvm2008/results/SPECjvm2008.019/SPECjvm2008.019.raw,specjvm2008/results/SPECjvm2008.019/SPECjvm2008.019.txt,logs/jvm_parameter/xmx1024m/compress__xmx1024m__r1.log,logs/jvm_parameter/gc/compress__xmx1024m__r1.gc.log,/home/gubingren/java/java-se-7u75-ri/bin/java -XX:+PrintGCDetails -XX:+PrintGCTimeStamps -Xloggc:/home/gubingren/benchmarks/SPECjvm2008/optional_run_logs/compress__xmx1024m__r1.gc.log -Xmx1024m -jar SPECjvm2008.jar --base -bt 16 compress
compress,xmx2560m,Run1,compress__xmx2560m__r1,valid,,SPECjvm2008.020,478.64,476.25,240.000,120.000,424.000,185,179,6,1.0533110,544.500,whole_java_process,,0,0,2026-10-01T19:06:47+08:00,2026-10-01T19:13:51+08:00,2684354560,specjvm2008/results/SPECjvm2008.020/SPECjvm2008.020.raw,specjvm2008/results/SPECjvm2008.020/SPECjvm2008.020.txt,logs/jvm_parameter/xmx2560m/compress__xmx2560m__r1.log,logs/jvm_parameter/gc/compress__xmx2560m__r1.gc.log,/home/gubingren/java/java-se-7u75-ri/bin/java -XX:+PrintGCDetails -XX:+PrintGCTimeStamps -Xloggc:/home/gubingren/benchmarks/SPECjvm2008/optional_run_logs/compress__xmx2560m__r1.gc.log -Xmx2560m -jar SPECjvm2008.jar --base -bt 16 compress
compress,default,Run2,compress__default__r2,valid,,SPECjvm2008.024,514.27,511.99,240.000,120.000,424.000,184,177,7,1.1549430,619.000,whole_java_process,,0,0,2026-10-01T19:35:34+08:00,2026-10-01T19:42:38+08:00,1977614336,specjvm2008/results/SPECjvm2008.024/SPECjvm2008.024.raw,specjvm2008/results/SPECjvm2008.024/SPECjvm2008.024.txt,logs/jvm_parameter/default/compress__default__r2.log,logs/jvm_parameter/gc/compress__default__r2.gc.log,/home/gubingren/java/java-se-7u75-ri/bin/java -XX:+PrintGCDetails -XX:+PrintGCTimeStamps -Xloggc:/home/gubingren/benchmarks/SPECjvm2008/optional_run_logs/compress__default__r2.gc.log  -jar SPECjvm2008.jar --base -bt 16 compress
compress,xmx512m,Run2,compress__xmx512m__r2,valid,,SPECjvm2008.023,509.64,504.98,240.000,120.000,424.000,269,261,8,1.5128940,504.000,whole_java_process,,0,0,2026-10-01T19:28:22+08:00,2026-10-01T19:35:26+08:00,536870912,specjvm2008/results/SPECjvm2008.023/SPECjvm2008.023.raw,specjvm2008/results/SPECjvm2008.023/SPECjvm2008.023.txt,logs/jvm_parameter/xmx512m/compress__xmx512m__r2.log,logs/jvm_parameter/gc/compress__xmx512m__r2.gc.log,/home/gubingren/java/java-se-7u75-ri/bin/java -XX:+PrintGCDetails -XX:+PrintGCTimeStamps -Xloggc:/home/gubingren/benchmarks/SPECjvm2008/optional_run_logs/compress__xmx512m__r2.gc.log -Xmx512m -jar SPECjvm2008.jar --base -bt 16 compress
compress,xmx1024m,Run2,compress__xmx1024m__r2,valid,,SPECjvm2008.022,510.06,507.20,240.000,120.000,424.000,171,165,6,1.1234270,570.500,whole_java_process,,0,0,2026-10-01T19:21:10+08:00,2026-10-01T19:28:14+08:00,1073741824,specjvm2008/results/SPECjvm2008.022/SPECjvm2008.022.raw,specjvm2008/results/SPECjvm2008.022/SPECjvm2008.022.txt,logs/jvm_parameter/xmx1024m/compress__xmx1024m__r2.log,logs/jvm_parameter/gc/compress__xmx1024m__r2.gc.log,/home/gubingren/java/java-se-7u75-ri/bin/java -XX:+PrintGCDetails -XX:+PrintGCTimeStamps -Xloggc:/home/gubingren/benchmarks/SPECjvm2008/optional_run_logs/compress__xmx1024m__r2.gc.log -Xmx1024m -jar SPECjvm2008.jar --base -bt 16 compress
compress,xmx2560m,Run2,compress__xmx2560m__r2,valid,,SPECjvm2008.021,484.65,481.62,240.000,120.000,422.000,201,194,7,1.3232760,585.500,whole_java_process,,0,0,2026-10-01T19:13:59+08:00,2026-10-01T19:21:01+08:00,2684354560,specjvm2008/results/SPECjvm2008.021/SPECjvm2008.021.raw,specjvm2008/results/SPECjvm2008.021/SPECjvm2008.021.txt,logs/jvm_parameter/xmx2560m/compress__xmx2560m__r2.log,logs/jvm_parameter/gc/compress__xmx2560m__r2.gc.log,/home/gubingren/java/java-se-7u75-ri/bin/java -XX:+PrintGCDetails -XX:+PrintGCTimeStamps -Xloggc:/home/gubingren/benchmarks/SPECjvm2008/optional_run_logs/compress__xmx2560m__r2.gc.log -Xmx2560m -jar SPECjvm2008.jar --base -bt 16 compress
compress,default,Run3,compress__default__r3,valid,,SPECjvm2008.027,524.55,519.56,240.000,120.000,424.000,218,211,7,1.2783080,672.500,whole_java_process,,0,0,2026-10-01T23:16:34+08:00,2026-10-01T23:23:38+08:00,1977614336,specjvm2008/results/SPECjvm2008.027/SPECjvm2008.027.raw,specjvm2008/results/SPECjvm2008.027/SPECjvm2008.027.txt,logs/jvm_parameter/default/compress__default__r3.log,logs/jvm_parameter/gc/compress__default__r3.gc.log,/home/gubingren/java/java-se-7u75-ri/bin/java -XX:+PrintGCDetails -XX:+PrintGCTimeStamps -Xloggc:/home/gubingren/benchmarks/SPECjvm2008/optional_run_logs/compress__default__r3.gc.log  -jar SPECjvm2008.jar --base -bt 16 compress
compress,xmx512m,Run3,compress__xmx512m__r3,valid,,SPECjvm2008.025,508.01,514.99,240.000,120.000,426.000,268,260,8,1.9140230,504.000,whole_java_process,,0,0,2026-10-01T19:42:47+08:00,2026-10-01T19:49:53+08:00,536870912,specjvm2008/results/SPECjvm2008.025/SPECjvm2008.025.raw,specjvm2008/results/SPECjvm2008.025/SPECjvm2008.025.txt,logs/jvm_parameter/xmx512m/compress__xmx512m__r3.log,logs/jvm_parameter/gc/compress__xmx512m__r3.gc.log,/home/gubingren/java/java-se-7u75-ri/bin/java -XX:+PrintGCDetails -XX:+PrintGCTimeStamps -Xloggc:/home/gubingren/benchmarks/SPECjvm2008/optional_run_logs/compress__xmx512m__r3.gc.log -Xmx512m -jar SPECjvm2008.jar --base -bt 16 compress
compress,xmx1024m,Run3,compress__xmx1024m__r3,valid,,SPECjvm2008.029,527.74,525.51,240.000,120.000,421.000,227,220,7,1.2947850,573.000,whole_java_process,,0,0,2026-10-01T23:30:58+08:00,2026-10-01T23:37:59+08:00,1073741824,specjvm2008/results/SPECjvm2008.029/SPECjvm2008.029.raw,specjvm2008/results/SPECjvm2008.029/SPECjvm2008.029.txt,logs/jvm_parameter/xmx1024m/compress__xmx1024m__r3.log,logs/jvm_parameter/gc/compress__xmx1024m__r3.gc.log,/home/gubingren/java/java-se-7u75-ri/bin/java -XX:+PrintGCDetails -XX:+PrintGCTimeStamps -Xloggc:/home/gubingren/benchmarks/SPECjvm2008/optional_run_logs/compress__xmx1024m__r3.gc.log -Xmx1024m -jar SPECjvm2008.jar --base -bt 16 compress
compress,xmx2560m,Run3,compress__xmx2560m__r3,valid,,SPECjvm2008.028,495.24,492.23,240.000,120.000,422.000,166,160,6,0.9398890,562.000,whole_java_process,,0,0,2026-10-01T23:23:47+08:00,2026-10-01T23:30:49+08:00,2684354560,specjvm2008/results/SPECjvm2008.028/SPECjvm2008.028.raw,specjvm2008/results/SPECjvm2008.028/SPECjvm2008.028.txt,logs/jvm_parameter/xmx2560m/compress__xmx2560m__r3.log,logs/jvm_parameter/gc/compress__xmx2560m__r3.gc.log,/home/gubingren/java/java-se-7u75-ri/bin/java -XX:+PrintGCDetails -XX:+PrintGCTimeStamps -Xloggc:/home/gubingren/benchmarks/SPECjvm2008/optional_run_logs/compress__xmx2560m__r3.gc.log -Xmx2560m -jar SPECjvm2008.jar --base -bt 16 compress
derby,default,Run1,derby__default__r1,valid,,SPECjvm2008.030,753.98,736.91,240.000,120.000,462.000,3545,3536,9,23.2537570,1573.000,whole_java_process,,0,0,2026-10-01T23:38:08+08:00,2026-10-01T23:45:50+08:00,1977614336,specjvm2008/results/SPECjvm2008.030/SPECjvm2008.030.raw,specjvm2008/results/SPECjvm2008.030/SPECjvm2008.030.txt,logs/jvm_parameter/default/derby__default__r1.log,logs/jvm_parameter/gc/derby__default__r1.gc.log,/home/gubingren/java/java-se-7u75-ri/bin/java -XX:+PrintGCDetails -XX:+PrintGCTimeStamps -Xloggc:/home/gubingren/benchmarks/SPECjvm2008/optional_run_logs/derby__default__r1.gc.log  -jar SPECjvm2008.jar --base -bt 16 derby
derby,xmx512m,Run1,derby__xmx512m__r1,invalid,OutOfMemoryError during incomplete warmup; no measured score,SPECjvm2008.031,,,,,956.000,13167,56,13111,842.0178020,476.500,whole_java_process,,143,not_run_incomplete_raw,2026-10-01T23:45:59+08:00,2026-10-02T00:01:55+08:00,536870912,specjvm2008/results/SPECjvm2008.031/SPECjvm2008.031.raw,,logs/jvm_parameter/xmx512m/derby__xmx512m__r1.log,logs/jvm_parameter/gc/derby__xmx512m__r1.gc.log,/home/gubingren/java/java-se-7u75-ri/bin/java -XX:+PrintGCDetails -XX:+PrintGCTimeStamps -Xloggc:/home/gubingren/benchmarks/SPECjvm2008/optional_run_logs/derby__xmx512m__r1.gc.log -Xmx512m -jar SPECjvm2008.jar --base -bt 16 derby
derby,xmx1024m,Run1,derby__xmx1024m__r1,valid,,SPECjvm2008.032,232.28,218.38,240.000,120.000,481.000,2926,56,2870,259.6586310,994.500,whole_java_process,,0,0,2026-10-02T00:04:18+08:00,2026-10-02T00:12:19+08:00,1073741824,specjvm2008/results/SPECjvm2008.032/SPECjvm2008.032.raw,specjvm2008/results/SPECjvm2008.032/SPECjvm2008.032.txt,logs/jvm_parameter/xmx1024m/derby__xmx1024m__r1.log,logs/jvm_parameter/gc/derby__xmx1024m__r1.gc.log,timeout --signal=TERM --kill-after=30s 900s /home/gubingren/java/java-se-7u75-ri/bin/java -XX:+PrintGCDetails -XX:+PrintGCTimeStamps -Xloggc:/home/gubingren/benchmarks/SPECjvm2008/optional_run_logs/derby__xmx1024m__r1.gc.log -Xmx1024m -jar SPECjvm2008.jar --base -bt 16 derby
derby,xmx2560m,Run1,derby__xmx2560m__r1,valid,,SPECjvm2008.033,767.03,755.86,240.000,120.000,470.000,2666,2657,9,17.0006460,1790.500,whole_java_process,,0,0,2026-10-02T00:12:27+08:00,2026-10-02T00:20:17+08:00,2684354560,specjvm2008/results/SPECjvm2008.033/SPECjvm2008.033.raw,specjvm2008/results/SPECjvm2008.033/SPECjvm2008.033.txt,logs/jvm_parameter/xmx2560m/derby__xmx2560m__r1.log,logs/jvm_parameter/gc/derby__xmx2560m__r1.gc.log,timeout --signal=TERM --kill-after=30s 900s /home/gubingren/java/java-se-7u75-ri/bin/java -XX:+PrintGCDetails -XX:+PrintGCTimeStamps -Xloggc:/home/gubingren/benchmarks/SPECjvm2008/optional_run_logs/derby__xmx2560m__r1.gc.log -Xmx2560m -jar SPECjvm2008.jar --base -bt 16 derby
derby,default,Run2,derby__default__r2,valid,,SPECjvm2008.037,709.22,712.12,240.000,120.000,470.000,3372,3363,9,22.5961220,1474.500,whole_java_process,,0,0,2026-10-02T00:51:57+08:00,2026-10-02T00:59:47+08:00,1977614336,specjvm2008/results/SPECjvm2008.037/SPECjvm2008.037.raw,specjvm2008/results/SPECjvm2008.037/SPECjvm2008.037.txt,logs/jvm_parameter/default/derby__default__r2.log,logs/jvm_parameter/gc/derby__default__r2.gc.log,timeout --signal=TERM --kill-after=30s 900s /home/gubingren/java/java-se-7u75-ri/bin/java -XX:+PrintGCDetails -XX:+PrintGCTimeStamps -Xloggc:/home/gubingren/benchmarks/SPECjvm2008/optional_run_logs/derby__default__r2.gc.log  -jar SPECjvm2008.jar --base -bt 16 derby
derby,xmx512m,Run2,derby__xmx512m__r2,invalid,OutOfMemoryError during incomplete warmup; no measured score,SPECjvm2008.036,,,,,921.000,12666,50,12616,810.0145770,473.000,whole_java_process,,124,255,2026-10-02T00:36:28+08:00,2026-10-02T00:51:49+08:00,536870912,specjvm2008/results/SPECjvm2008.036/SPECjvm2008.036.raw,specjvm2008/results/SPECjvm2008.036/SPECjvm2008.036.txt,logs/jvm_parameter/xmx512m/derby__xmx512m__r2.log,logs/jvm_parameter/gc/derby__xmx512m__r2.gc.log,timeout --signal=TERM --kill-after=30s 900s /home/gubingren/java/java-se-7u75-ri/bin/java -XX:+PrintGCDetails -XX:+PrintGCTimeStamps -Xloggc:/home/gubingren/benchmarks/SPECjvm2008/optional_run_logs/derby__xmx512m__r2.gc.log -Xmx512m -jar SPECjvm2008.jar --base -bt 16 derby
derby,xmx1024m,Run2,derby__xmx1024m__r2,valid,,SPECjvm2008.035,229.78,214.76,240.000,120.000,478.000,2932,53,2879,260.6599400,992.000,whole_java_process,,0,0,2026-10-02T00:28:22+08:00,2026-10-02T00:36:20+08:00,1073741824,specjvm2008/results/SPECjvm2008.035/SPECjvm2008.035.raw,specjvm2008/results/SPECjvm2008.035/SPECjvm2008.035.txt,logs/jvm_parameter/xmx1024m/derby__xmx1024m__r2.log,logs/jvm_parameter/gc/derby__xmx1024m__r2.gc.log,timeout --signal=TERM --kill-after=30s 900s /home/gubingren/java/java-se-7u75-ri/bin/java -XX:+PrintGCDetails -XX:+PrintGCTimeStamps -Xloggc:/home/gubingren/benchmarks/SPECjvm2008/optional_run_logs/derby__xmx1024m__r2.gc.log -Xmx1024m -jar SPECjvm2008.jar --base -bt 16 derby
derby,xmx2560m,Run2,derby__xmx2560m__r2,valid,,SPECjvm2008.034,740.15,733.02,240.000,120.000,467.000,2581,2572,9,17.5868760,1770.000,whole_java_process,,0,0,2026-10-02T00:20:26+08:00,2026-10-02T00:28:13+08:00,2684354560,specjvm2008/results/SPECjvm2008.034/SPECjvm2008.034.raw,specjvm2008/results/SPECjvm2008.034/SPECjvm2008.034.txt,logs/jvm_parameter/xmx2560m/derby__xmx2560m__r2.log,logs/jvm_parameter/gc/derby__xmx2560m__r2.gc.log,timeout --signal=TERM --kill-after=30s 900s /home/gubingren/java/java-se-7u75-ri/bin/java -XX:+PrintGCDetails -XX:+PrintGCTimeStamps -Xloggc:/home/gubingren/benchmarks/SPECjvm2008/optional_run_logs/derby__xmx2560m__r2.gc.log -Xmx2560m -jar SPECjvm2008.jar --base -bt 16 derby
derby,default,Run3,derby__default__r3,valid,,SPECjvm2008.039,690.03,680.58,240.000,120.000,492.000,3267,3257,10,21.2025440,1582.000,whole_java_process,,0,0,2026-10-02T01:15:05+08:00,2026-10-02T01:23:17+08:00,1977614336,specjvm2008/results/SPECjvm2008.039/SPECjvm2008.039.raw,specjvm2008/results/SPECjvm2008.039/SPECjvm2008.039.txt,logs/jvm_parameter/default/derby__default__r3.log,logs/jvm_parameter/gc/derby__default__r3.gc.log,timeout --signal=TERM --kill-after=30s 900s /home/gubingren/java/java-se-7u75-ri/bin/java -XX:+PrintGCDetails -XX:+PrintGCTimeStamps -Xloggc:/home/gubingren/benchmarks/SPECjvm2008/optional_run_logs/derby__default__r3.gc.log  -jar SPECjvm2008.jar --base -bt 16 derby
derby,xmx512m,Run3,derby__xmx512m__r3,invalid,OutOfMemoryError during incomplete warmup; no measured score,SPECjvm2008.038,,,,,901.000,12191,58,12133,789.8649820,478.000,whole_java_process,,124,255,2026-10-02T00:59:55+08:00,2026-10-02T01:14:56+08:00,536870912,specjvm2008/results/SPECjvm2008.038/SPECjvm2008.038.raw,specjvm2008/results/SPECjvm2008.038/SPECjvm2008.038.txt,logs/jvm_parameter/xmx512m/derby__xmx512m__r3.log,logs/jvm_parameter/gc/derby__xmx512m__r3.gc.log,timeout --signal=TERM --kill-after=30s 900s /home/gubingren/java/java-se-7u75-ri/bin/java -XX:+PrintGCDetails -XX:+PrintGCTimeStamps -Xloggc:/home/gubingren/benchmarks/SPECjvm2008/optional_run_logs/derby__xmx512m__r3.gc.log -Xmx512m -jar SPECjvm2008.jar --base -bt 16 derby
derby,xmx1024m,Run3,derby__xmx1024m__r3,valid,,SPECjvm2008.041,215.20,198.99,240.000,120.000,483.000,2803,58,2745,261.8154330,990.500,whole_java_process,,0,0,2026-10-02T01:31:26+08:00,2026-10-02T01:39:29+08:00,1073741824,specjvm2008/results/SPECjvm2008.041/SPECjvm2008.041.raw,specjvm2008/results/SPECjvm2008.041/SPECjvm2008.041.txt,logs/jvm_parameter/xmx1024m/derby__xmx1024m__r3.log,logs/jvm_parameter/gc/derby__xmx1024m__r3.gc.log,timeout --signal=TERM --kill-after=30s 900s /home/gubingren/java/java-se-7u75-ri/bin/java -XX:+PrintGCDetails -XX:+PrintGCTimeStamps -Xloggc:/home/gubingren/benchmarks/SPECjvm2008/optional_run_logs/derby__xmx1024m__r3.gc.log -Xmx1024m -jar SPECjvm2008.jar --base -bt 16 derby
derby,xmx2560m,Run3,derby__xmx2560m__r3,valid,,SPECjvm2008.040,708.50,697.39,240.000,120.000,473.000,2463,2454,9,18.1595290,1753.000,whole_java_process,,0,0,2026-10-02T01:23:25+08:00,2026-10-02T01:31:18+08:00,2684354560,specjvm2008/results/SPECjvm2008.040/SPECjvm2008.040.raw,specjvm2008/results/SPECjvm2008.040/SPECjvm2008.040.txt,logs/jvm_parameter/xmx2560m/derby__xmx2560m__r3.log,logs/jvm_parameter/gc/derby__xmx2560m__r3.gc.log,timeout --signal=TERM --kill-after=30s 900s /home/gubingren/java/java-se-7u75-ri/bin/java -XX:+PrintGCDetails -XX:+PrintGCTimeStamps -Xloggc:/home/gubingren/benchmarks/SPECjvm2008/optional_run_logs/derby__xmx2560m__r3.gc.log -Xmx2560m -jar SPECjvm2008.jar --base -bt 16 derby
sunflow,default,Run1,sunflow__default__r1,valid,,SPECjvm2008.042,317.47,309.32,240.000,120.000,427.000,2463,2395,68,22.9762260,1006.500,whole_java_process,,0,0,2026-10-02T01:39:38+08:00,2026-10-02T01:46:45+08:00,1977614336,specjvm2008/results/SPECjvm2008.042/SPECjvm2008.042.raw,specjvm2008/results/SPECjvm2008.042/SPECjvm2008.042.txt,logs/jvm_parameter/default/sunflow__default__r1.log,logs/jvm_parameter/gc/sunflow__default__r1.gc.log,timeout --signal=TERM --kill-after=30s 900s /home/gubingren/java/java-se-7u75-ri/bin/java -XX:+PrintGCDetails -XX:+PrintGCTimeStamps -Xloggc:/home/gubingren/benchmarks/SPECjvm2008/optional_run_logs/sunflow__default__r1.gc.log  -jar SPECjvm2008.jar --base -bt 16 sunflow
sunflow,xmx512m,Run1,sunflow__xmx512m__r1,valid,,SPECjvm2008.043,283.80,278.36,240.000,120.000,427.000,8097,8002,95,49.7232270,446.500,whole_java_process,,0,0,2026-10-02T01:46:54+08:00,2026-10-02T01:54:01+08:00,536870912,specjvm2008/results/SPECjvm2008.043/SPECjvm2008.043.raw,specjvm2008/results/SPECjvm2008.043/SPECjvm2008.043.txt,logs/jvm_parameter/xmx512m/sunflow__xmx512m__r1.log,logs/jvm_parameter/gc/sunflow__xmx512m__r1.gc.log,timeout --signal=TERM --kill-after=30s 900s /home/gubingren/java/java-se-7u75-ri/bin/java -XX:+PrintGCDetails -XX:+PrintGCTimeStamps -Xloggc:/home/gubingren/benchmarks/SPECjvm2008/optional_run_logs/sunflow__xmx512m__r1.gc.log -Xmx512m -jar SPECjvm2008.jar --base -bt 16 sunflow
sunflow,xmx1024m,Run1,sunflow__xmx1024m__r1,valid,,SPECjvm2008.044,305.58,294.51,240.000,120.000,427.000,4374,4296,78,33.5796280,671.500,whole_java_process,,0,0,2026-10-02T01:54:10+08:00,2026-10-02T02:01:17+08:00,1073741824,specjvm2008/results/SPECjvm2008.044/SPECjvm2008.044.raw,specjvm2008/results/SPECjvm2008.044/SPECjvm2008.044.txt,logs/jvm_parameter/xmx1024m/sunflow__xmx1024m__r1.log,logs/jvm_parameter/gc/sunflow__xmx1024m__r1.gc.log,timeout --signal=TERM --kill-after=30s 900s /home/gubingren/java/java-se-7u75-ri/bin/java -XX:+PrintGCDetails -XX:+PrintGCTimeStamps -Xloggc:/home/gubingren/benchmarks/SPECjvm2008/optional_run_logs/sunflow__xmx1024m__r1.gc.log -Xmx1024m -jar SPECjvm2008.jar --base -bt 16 sunflow
sunflow,xmx2560m,Run1,sunflow__xmx2560m__r1,valid,,SPECjvm2008.045,303.59,295.76,240.000,120.000,428.000,1768,1707,61,19.2458750,1236.000,whole_java_process,,0,0,2026-10-02T02:01:25+08:00,2026-10-02T02:08:33+08:00,2684354560,specjvm2008/results/SPECjvm2008.045/SPECjvm2008.045.raw,specjvm2008/results/SPECjvm2008.045/SPECjvm2008.045.txt,logs/jvm_parameter/xmx2560m/sunflow__xmx2560m__r1.log,logs/jvm_parameter/gc/sunflow__xmx2560m__r1.gc.log,timeout --signal=TERM --kill-after=30s 900s /home/gubingren/java/java-se-7u75-ri/bin/java -XX:+PrintGCDetails -XX:+PrintGCTimeStamps -Xloggc:/home/gubingren/benchmarks/SPECjvm2008/optional_run_logs/sunflow__xmx2560m__r1.gc.log -Xmx2560m -jar SPECjvm2008.jar --base -bt 16 sunflow
sunflow,default,Run2,sunflow__default__r2,valid,,SPECjvm2008.049,306.32,298.21,240.000,120.000,428.000,2392,2327,65,24.4010000,1011.000,whole_java_process,,0,0,2026-10-02T02:30:22+08:00,2026-10-02T02:37:30+08:00,1977614336,specjvm2008/results/SPECjvm2008.049/SPECjvm2008.049.raw,specjvm2008/results/SPECjvm2008.049/SPECjvm2008.049.txt,logs/jvm_parameter/default/sunflow__default__r2.log,logs/jvm_parameter/gc/sunflow__default__r2.gc.log,timeout --signal=TERM --kill-after=30s 900s /home/gubingren/java/java-se-7u75-ri/bin/java -XX:+PrintGCDetails -XX:+PrintGCTimeStamps -Xloggc:/home/gubingren/benchmarks/SPECjvm2008/optional_run_logs/sunflow__default__r2.gc.log  -jar SPECjvm2008.jar --base -bt 16 sunflow
sunflow,xmx512m,Run2,sunflow__xmx512m__r2,valid,,SPECjvm2008.048,279.11,278.99,240.000,120.000,427.000,8061,7967,94,49.1998570,445.500,whole_java_process,,0,0,2026-10-02T02:23:06+08:00,2026-10-02T02:30:13+08:00,536870912,specjvm2008/results/SPECjvm2008.048/SPECjvm2008.048.raw,specjvm2008/results/SPECjvm2008.048/SPECjvm2008.048.txt,logs/jvm_parameter/xmx512m/sunflow__xmx512m__r2.log,logs/jvm_parameter/gc/sunflow__xmx512m__r2.gc.log,timeout --signal=TERM --kill-after=30s 900s /home/gubingren/java/java-se-7u75-ri/bin/java -XX:+PrintGCDetails -XX:+PrintGCTimeStamps -Xloggc:/home/gubingren/benchmarks/SPECjvm2008/optional_run_logs/sunflow__xmx512m__r2.gc.log -Xmx512m -jar SPECjvm2008.jar --base -bt 16 sunflow
sunflow,xmx1024m,Run2,sunflow__xmx1024m__r2,valid,,SPECjvm2008.047,291.81,284.90,240.000,120.000,420.000,4191,4113,78,32.2294370,666.000,whole_java_process,,0,0,2026-10-02T02:15:58+08:00,2026-10-02T02:22:58+08:00,1073741824,specjvm2008/results/SPECjvm2008.047/SPECjvm2008.047.raw,specjvm2008/results/SPECjvm2008.047/SPECjvm2008.047.txt,logs/jvm_parameter/xmx1024m/sunflow__xmx1024m__r2.log,logs/jvm_parameter/gc/sunflow__xmx1024m__r2.gc.log,timeout --signal=TERM --kill-after=30s 900s /home/gubingren/java/java-se-7u75-ri/bin/java -XX:+PrintGCDetails -XX:+PrintGCTimeStamps -Xloggc:/home/gubingren/benchmarks/SPECjvm2008/optional_run_logs/sunflow__xmx1024m__r2.gc.log -Xmx1024m -jar SPECjvm2008.jar --base -bt 16 sunflow
sunflow,xmx2560m,Run2,sunflow__xmx2560m__r2,valid,,SPECjvm2008.046,301.51,291.47,240.000,120.000,429.000,1733,1674,59,18.9750570,1238.000,whole_java_process,,0,0,2026-10-02T02:08:41+08:00,2026-10-02T02:15:50+08:00,2684354560,specjvm2008/results/SPECjvm2008.046/SPECjvm2008.046.raw,specjvm2008/results/SPECjvm2008.046/SPECjvm2008.046.txt,logs/jvm_parameter/xmx2560m/sunflow__xmx2560m__r2.log,logs/jvm_parameter/gc/sunflow__xmx2560m__r2.gc.log,timeout --signal=TERM --kill-after=30s 900s /home/gubingren/java/java-se-7u75-ri/bin/java -XX:+PrintGCDetails -XX:+PrintGCTimeStamps -Xloggc:/home/gubingren/benchmarks/SPECjvm2008/optional_run_logs/sunflow__xmx2560m__r2.gc.log -Xmx2560m -jar SPECjvm2008.jar --base -bt 16 sunflow
sunflow,default,Run3,sunflow__default__r3,valid,,SPECjvm2008.051,313.00,305.99,240.000,120.000,427.000,2456,2387,69,24.2818960,998.500,whole_java_process,,0,0,2026-10-02T02:44:58+08:00,2026-10-02T02:52:05+08:00,1977614336,specjvm2008/results/SPECjvm2008.051/SPECjvm2008.051.raw,specjvm2008/results/SPECjvm2008.051/SPECjvm2008.051.txt,logs/jvm_parameter/default/sunflow__default__r3.log,logs/jvm_parameter/gc/sunflow__default__r3.gc.log,timeout --signal=TERM --kill-after=30s 900s /home/gubingren/java/java-se-7u75-ri/bin/java -XX:+PrintGCDetails -XX:+PrintGCTimeStamps -Xloggc:/home/gubingren/benchmarks/SPECjvm2008/optional_run_logs/sunflow__default__r3.gc.log  -jar SPECjvm2008.jar --base -bt 16 sunflow
sunflow,xmx512m,Run3,sunflow__xmx512m__r3,valid,,SPECjvm2008.050,288.51,274.54,240.000,120.000,430.000,8228,8132,96,49.3780910,448.000,whole_java_process,,0,0,2026-10-02T02:37:39+08:00,2026-10-02T02:44:49+08:00,536870912,specjvm2008/results/SPECjvm2008.050/SPECjvm2008.050.raw,specjvm2008/results/SPECjvm2008.050/SPECjvm2008.050.txt,logs/jvm_parameter/xmx512m/sunflow__xmx512m__r3.log,logs/jvm_parameter/gc/sunflow__xmx512m__r3.gc.log,timeout --signal=TERM --kill-after=30s 900s /home/gubingren/java/java-se-7u75-ri/bin/java -XX:+PrintGCDetails -XX:+PrintGCTimeStamps -Xloggc:/home/gubingren/benchmarks/SPECjvm2008/optional_run_logs/sunflow__xmx512m__r3.gc.log -Xmx512m -jar SPECjvm2008.jar --base -bt 16 sunflow
sunflow,xmx1024m,Run3,sunflow__xmx1024m__r3,valid,,SPECjvm2008.053,316.96,322.64,240.000,120.000,423.000,4592,4511,81,33.6775680,677.000,whole_java_process,,0,0,2026-10-02T02:59:30+08:00,2026-10-02T03:06:33+08:00,1073741824,specjvm2008/results/SPECjvm2008.053/SPECjvm2008.053.raw,specjvm2008/results/SPECjvm2008.053/SPECjvm2008.053.txt,logs/jvm_parameter/xmx1024m/sunflow__xmx1024m__r3.log,logs/jvm_parameter/gc/sunflow__xmx1024m__r3.gc.log,timeout --signal=TERM --kill-after=30s 900s /home/gubingren/java/java-se-7u75-ri/bin/java -XX:+PrintGCDetails -XX:+PrintGCTimeStamps -Xloggc:/home/gubingren/benchmarks/SPECjvm2008/optional_run_logs/sunflow__xmx1024m__r3.gc.log -Xmx1024m -jar SPECjvm2008.jar --base -bt 16 sunflow
sunflow,xmx2560m,Run3,sunflow__xmx2560m__r3,valid,,SPECjvm2008.052,309.36,296.38,240.000,120.000,427.000,1791,1730,61,19.2463900,1236.500,whole_java_process,,0,0,2026-10-02T02:52:14+08:00,2026-10-02T02:59:21+08:00,2684354560,specjvm2008/results/SPECjvm2008.052/SPECjvm2008.052.raw,specjvm2008/results/SPECjvm2008.052/SPECjvm2008.052.txt,logs/jvm_parameter/xmx2560m/sunflow__xmx2560m__r3.log,logs/jvm_parameter/gc/sunflow__xmx2560m__r3.gc.log,timeout --signal=TERM --kill-after=30s 900s /home/gubingren/java/java-se-7u75-ri/bin/java -XX:+PrintGCDetails -XX:+PrintGCTimeStamps -Xloggc:/home/gubingren/benchmarks/SPECjvm2008/optional_run_logs/sunflow__xmx2560m__r3.gc.log -Xmx2560m -jar SPECjvm2008.jar --base -bt 16 sunflow
scimark.fft.large,default,Run1,scimark_fft_large__default__r1,valid,,SPECjvm2008.054,106.02,91.71,240.000,120.000,445.000,50,7,43,5.0564900,1321.500,whole_java_process,,0,0,2026-10-02T03:06:42+08:00,2026-10-02T03:14:07+08:00,1977614336,specjvm2008/results/SPECjvm2008.054/SPECjvm2008.054.raw,specjvm2008/results/SPECjvm2008.054/SPECjvm2008.054.txt,logs/jvm_parameter/default/scimark_fft_large__default__r1.log,logs/jvm_parameter/gc/scimark_fft_large__default__r1.gc.log,timeout --signal=TERM --kill-after=30s 900s /home/gubingren/java/java-se-7u75-ri/bin/java -XX:+PrintGCDetails -XX:+PrintGCTimeStamps -Xloggc:/home/gubingren/benchmarks/SPECjvm2008/optional_run_logs/scimark_fft_large__default__r1.gc.log  -jar SPECjvm2008.jar --base -bt 16 scimark.fft.large
scimark.fft.large,xmx512m,Run1,scimark_fft_large__xmx512m__r1,invalid,OutOfMemoryError during incomplete warmup; no measured score,SPECjvm2008.055,,,,,64.000,121,61,60,1.5328460,406.500,whole_java_process,,0,0,2026-10-02T03:14:15+08:00,2026-10-02T03:15:19+08:00,536870912,specjvm2008/results/SPECjvm2008.055/SPECjvm2008.055.raw,specjvm2008/results/SPECjvm2008.055/SPECjvm2008.055.txt,logs/jvm_parameter/xmx512m/scimark_fft_large__xmx512m__r1.log,logs/jvm_parameter/gc/scimark_fft_large__xmx512m__r1.gc.log,timeout --signal=TERM --kill-after=30s 900s /home/gubingren/java/java-se-7u75-ri/bin/java -XX:+PrintGCDetails -XX:+PrintGCTimeStamps -Xloggc:/home/gubingren/benchmarks/SPECjvm2008/optional_run_logs/scimark_fft_large__xmx512m__r1.gc.log -Xmx512m -jar SPECjvm2008.jar --base -bt 16 scimark.fft.large
scimark.fft.large,xmx1024m,Run1,scimark_fft_large__xmx1024m__r1,invalid,OutOfMemoryError during incomplete warmup; no measured score,SPECjvm2008.056,,,,,69.000,75,39,36,1.4241440,724.500,whole_java_process,,0,0,2026-10-02T03:15:27+08:00,2026-10-02T03:16:36+08:00,1073741824,specjvm2008/results/SPECjvm2008.056/SPECjvm2008.056.raw,specjvm2008/results/SPECjvm2008.056/SPECjvm2008.056.txt,logs/jvm_parameter/xmx1024m/scimark_fft_large__xmx1024m__r1.log,logs/jvm_parameter/gc/scimark_fft_large__xmx1024m__r1.gc.log,timeout --signal=TERM --kill-after=30s 900s /home/gubingren/java/java-se-7u75-ri/bin/java -XX:+PrintGCDetails -XX:+PrintGCTimeStamps -Xloggc:/home/gubingren/benchmarks/SPECjvm2008/optional_run_logs/scimark_fft_large__xmx1024m__r1.gc.log -Xmx1024m -jar SPECjvm2008.jar --base -bt 16 scimark.fft.large
scimark.fft.large,xmx2560m,Run1,scimark_fft_large__xmx2560m__r1,valid,,SPECjvm2008.057,116.78,107.19,240.000,120.000,441.000,70,39,31,5.3639720,2557.500,whole_java_process,,0,0,2026-10-02T03:16:45+08:00,2026-10-02T03:24:06+08:00,2684354560,specjvm2008/results/SPECjvm2008.057/SPECjvm2008.057.raw,specjvm2008/results/SPECjvm2008.057/SPECjvm2008.057.txt,logs/jvm_parameter/xmx2560m/scimark_fft_large__xmx2560m__r1.log,logs/jvm_parameter/gc/scimark_fft_large__xmx2560m__r1.gc.log,timeout --signal=TERM --kill-after=30s 900s /home/gubingren/java/java-se-7u75-ri/bin/java -XX:+PrintGCDetails -XX:+PrintGCTimeStamps -Xloggc:/home/gubingren/benchmarks/SPECjvm2008/optional_run_logs/scimark_fft_large__xmx2560m__r1.gc.log -Xmx2560m -jar SPECjvm2008.jar --base -bt 16 scimark.fft.large
scimark.fft.large,default,Run2,scimark_fft_large__default__r2,valid,,SPECjvm2008.061,113.01,107.40,240.000,120.000,442.000,53,7,46,4.9168830,1321.500,whole_java_process,,0,0,2026-10-02T03:34:16+08:00,2026-10-02T03:41:38+08:00,1977614336,specjvm2008/results/SPECjvm2008.061/SPECjvm2008.061.raw,specjvm2008/results/SPECjvm2008.061/SPECjvm2008.061.txt,logs/jvm_parameter/default/scimark_fft_large__default__r2.log,logs/jvm_parameter/gc/scimark_fft_large__default__r2.gc.log,timeout --signal=TERM --kill-after=30s 900s /home/gubingren/java/java-se-7u75-ri/bin/java -XX:+PrintGCDetails -XX:+PrintGCTimeStamps -Xloggc:/home/gubingren/benchmarks/SPECjvm2008/optional_run_logs/scimark_fft_large__default__r2.gc.log  -jar SPECjvm2008.jar --base -bt 16 scimark.fft.large
scimark.fft.large,xmx512m,Run2,scimark_fft_large__xmx512m__r2,invalid,OutOfMemoryError during incomplete warmup; no measured score,SPECjvm2008.060,,,,,63.000,121,61,60,1.5716690,406.500,whole_java_process,,0,0,2026-10-02T03:33:04+08:00,2026-10-02T03:34:07+08:00,536870912,specjvm2008/results/SPECjvm2008.060/SPECjvm2008.060.raw,specjvm2008/results/SPECjvm2008.060/SPECjvm2008.060.txt,logs/jvm_parameter/xmx512m/scimark_fft_large__xmx512m__r2.log,logs/jvm_parameter/gc/scimark_fft_large__xmx512m__r2.gc.log,timeout --signal=TERM --kill-after=30s 900s /home/gubingren/java/java-se-7u75-ri/bin/java -XX:+PrintGCDetails -XX:+PrintGCTimeStamps -Xloggc:/home/gubingren/benchmarks/SPECjvm2008/optional_run_logs/scimark_fft_large__xmx512m__r2.gc.log -Xmx512m -jar SPECjvm2008.jar --base -bt 16 scimark.fft.large
scimark.fft.large,xmx1024m,Run2,scimark_fft_large__xmx1024m__r2,invalid,OutOfMemoryError during incomplete warmup; no measured score,SPECjvm2008.059,,,,,70.000,68,35,33,1.2244460,736.500,whole_java_process,,0,0,2026-10-02T03:31:45+08:00,2026-10-02T03:32:55+08:00,1073741824,specjvm2008/results/SPECjvm2008.059/SPECjvm2008.059.raw,specjvm2008/results/SPECjvm2008.059/SPECjvm2008.059.txt,logs/jvm_parameter/xmx1024m/scimark_fft_large__xmx1024m__r2.log,logs/jvm_parameter/gc/scimark_fft_large__xmx1024m__r2.gc.log,timeout --signal=TERM --kill-after=30s 900s /home/gubingren/java/java-se-7u75-ri/bin/java -XX:+PrintGCDetails -XX:+PrintGCTimeStamps -Xloggc:/home/gubingren/benchmarks/SPECjvm2008/optional_run_logs/scimark_fft_large__xmx1024m__r2.gc.log -Xmx1024m -jar SPECjvm2008.jar --base -bt 16 scimark.fft.large
scimark.fft.large,xmx2560m,Run2,scimark_fft_large__xmx2560m__r2,valid,,SPECjvm2008.058,107.56,106.39,240.000,120.000,442.000,71,39,32,3.7008860,2558.000,whole_java_process,,0,0,2026-10-02T03:24:15+08:00,2026-10-02T03:31:37+08:00,2684354560,specjvm2008/results/SPECjvm2008.058/SPECjvm2008.058.raw,specjvm2008/results/SPECjvm2008.058/SPECjvm2008.058.txt,logs/jvm_parameter/xmx2560m/scimark_fft_large__xmx2560m__r2.log,logs/jvm_parameter/gc/scimark_fft_large__xmx2560m__r2.gc.log,timeout --signal=TERM --kill-after=30s 900s /home/gubingren/java/java-se-7u75-ri/bin/java -XX:+PrintGCDetails -XX:+PrintGCTimeStamps -Xloggc:/home/gubingren/benchmarks/SPECjvm2008/optional_run_logs/scimark_fft_large__xmx2560m__r2.gc.log -Xmx2560m -jar SPECjvm2008.jar --base -bt 16 scimark.fft.large
scimark.fft.large,default,Run3,scimark_fft_large__default__r3,valid,,SPECjvm2008.063,117.34,107.05,240.000,120.000,441.000,54,7,47,5.0220510,1321.500,whole_java_process,,0,0,2026-10-02T03:42:59+08:00,2026-10-02T03:50:20+08:00,1977614336,specjvm2008/results/SPECjvm2008.063/SPECjvm2008.063.raw,specjvm2008/results/SPECjvm2008.063/SPECjvm2008.063.txt,logs/jvm_parameter/default/scimark_fft_large__default__r3.log,logs/jvm_parameter/gc/scimark_fft_large__default__r3.gc.log,timeout --signal=TERM --kill-after=30s 900s /home/gubingren/java/java-se-7u75-ri/bin/java -XX:+PrintGCDetails -XX:+PrintGCTimeStamps -Xloggc:/home/gubingren/benchmarks/SPECjvm2008/optional_run_logs/scimark_fft_large__default__r3.gc.log  -jar SPECjvm2008.jar --base -bt 16 scimark.fft.large
scimark.fft.large,xmx512m,Run3,scimark_fft_large__xmx512m__r3,invalid,OutOfMemoryError during incomplete warmup; no measured score,SPECjvm2008.062,,,,,64.000,121,61,60,1.5023890,406.500,whole_java_process,,0,0,2026-10-02T03:41:46+08:00,2026-10-02T03:42:50+08:00,536870912,specjvm2008/results/SPECjvm2008.062/SPECjvm2008.062.raw,specjvm2008/results/SPECjvm2008.062/SPECjvm2008.062.txt,logs/jvm_parameter/xmx512m/scimark_fft_large__xmx512m__r3.log,logs/jvm_parameter/gc/scimark_fft_large__xmx512m__r3.gc.log,timeout --signal=TERM --kill-after=30s 900s /home/gubingren/java/java-se-7u75-ri/bin/java -XX:+PrintGCDetails -XX:+PrintGCTimeStamps -Xloggc:/home/gubingren/benchmarks/SPECjvm2008/optional_run_logs/scimark_fft_large__xmx512m__r3.gc.log -Xmx512m -jar SPECjvm2008.jar --base -bt 16 scimark.fft.large
scimark.fft.large,xmx1024m,Run3,scimark_fft_large__xmx1024m__r3,invalid,OutOfMemoryError during incomplete warmup; no measured score,SPECjvm2008.065,,,,,71.000,75,39,36,1.5658830,724.000,whole_java_process,,0,0,2026-10-02T03:57:59+08:00,2026-10-02T03:59:10+08:00,1073741824,specjvm2008/results/SPECjvm2008.065/SPECjvm2008.065.raw,specjvm2008/results/SPECjvm2008.065/SPECjvm2008.065.txt,logs/jvm_parameter/xmx1024m/scimark_fft_large__xmx1024m__r3.log,logs/jvm_parameter/gc/scimark_fft_large__xmx1024m__r3.gc.log,timeout --signal=TERM --kill-after=30s 900s /home/gubingren/java/java-se-7u75-ri/bin/java -XX:+PrintGCDetails -XX:+PrintGCTimeStamps -Xloggc:/home/gubingren/benchmarks/SPECjvm2008/optional_run_logs/scimark_fft_large__xmx1024m__r3.gc.log -Xmx1024m -jar SPECjvm2008.jar --base -bt 16 scimark.fft.large
scimark.fft.large,xmx2560m,Run3,scimark_fft_large__xmx2560m__r3,valid,,SPECjvm2008.064,117.01,107.86,240.000,120.000,441.000,68,39,29,4.1626890,2557.500,whole_java_process,,0,0,2026-10-02T03:50:29+08:00,2026-10-02T03:57:50+08:00,2684354560,specjvm2008/results/SPECjvm2008.064/SPECjvm2008.064.raw,specjvm2008/results/SPECjvm2008.064/SPECjvm2008.064.txt,logs/jvm_parameter/xmx2560m/scimark_fft_large__xmx2560m__r3.log,logs/jvm_parameter/gc/scimark_fft_large__xmx2560m__r3.gc.log,timeout --signal=TERM --kill-after=30s 900s /home/gubingren/java/java-se-7u75-ri/bin/java -XX:+PrintGCDetails -XX:+PrintGCTimeStamps -Xloggc:/home/gubingren/benchmarks/SPECjvm2008/optional_run_logs/scimark_fft_large__xmx2560m__r3.gc.log -Xmx2560m -jar SPECjvm2008.jar --base -bt 16 scimark.fft.large
