source_run_key,verification_run_key,workload,heap_config,run_id,original_result_id,verification_result_id,original_invalid_reason,original_java_exit_status,verification_java_exit_status,original_wall_s,verification_wall_s,original_oom_occurrences,verification_oom_occurrences,original_gc_count,verification_gc_count,original_full_gc_count,verification_full_gc_count,original_gc_pause_s,verification_gc_pause_s,verification_reporter_exit_status,verification_start_time,verification_end_time,verification_not_valid,verification_measured_score_present,verification_young_gc_count,failure_reproduced,run_log_path,gc_log_path,raw_path,txt_path,command
derby__xmx512m__r1,oomverify__derby__xmx512m__r1,derby,xmx512m,Run1,SPECjvm2008.031,SPECjvm2008.066,OutOfMemoryError during incomplete warmup; no measured score,143,124,956.000,906.000,1,5,13167,13609,13111,13554,842.0178020,801.1450940,255,2026-10-02T15:28:23+08:00,2026-10-02T15:43:29+08:00,true,false,55,true,logs/jvm_parameter/oom_reverification/oomverify__derby__xmx512m__r1.log,logs/jvm_parameter/oom_reverification/gc/oomverify__derby__xmx512m__r1.gc.log,specjvm2008/verification_results/SPECjvm2008.066/SPECjvm2008.066.raw,specjvm2008/verification_results/SPECjvm2008.066/SPECjvm2008.066.txt,timeout --signal=TERM --kill-after=30s 900s /home/gubingren/java/java-se-7u75-ri/bin/java -XX:+PrintGCDetails -XX:+PrintGCTimeStamps -Xloggc:/home/gubingren/benchmarks/SPECjvm2008/oom_reverification_logs/oomverify__derby__xmx512m__r1.gc.log -Xmx512m -jar SPECjvm2008.jar --base -bt 16 derby
derby__xmx512m__r2,oomverify__derby__xmx512m__r2,derby,xmx512m,Run2,SPECjvm2008.036,SPECjvm2008.067,OutOfMemoryError during incomplete warmup; no measured score,124,255,921.000,800.000,4,17,12666,11239,12616,11188,810.0145770,687.9468350,255,2026-10-02T15:43:37+08:00,2026-10-02T15:56:57+08:00,true,false,51,true,logs/jvm_parameter/oom_reverification/oomverify__derby__xmx512m__r2.log,logs/jvm_parameter/oom_reverification/gc/oomverify__derby__xmx512m__r2.gc.log,specjvm2008/verification_results/SPECjvm2008.067/SPECjvm2008.067.raw,specjvm2008/verification_results/SPECjvm2008.067/SPECjvm2008.067.txt,timeout --signal=TERM --kill-after=30s 900s /home/gubingren/java/java-se-7u75-ri/bin/java -XX:+PrintGCDetails -XX:+PrintGCTimeStamps -Xloggc:/home/gubingren/benchmarks/SPECjvm2008/oom_reverification_logs/oomverify__derby__xmx512m__r2.gc.log -Xmx512m -jar SPECjvm2008.jar --base -bt 16 derby
derby__xmx512m__r3,oomverify__derby__xmx512m__r3,derby,xmx512m,Run3,SPECjvm2008.038,SPECjvm2008.068,OutOfMemoryError during incomplete warmup; no measured score,124,124,901.000,908.000,14,9,12191,13186,12133,13138,789.8649820,789.6702310,255,2026-10-02T15:57:05+08:00,2026-10-02T16:12:13+08:00,true,false,48,true,logs/jvm_parameter/oom_reverification/oomverify__derby__xmx512m__r3.log,logs/jvm_parameter/oom_reverification/gc/oomverify__derby__xmx512m__r3.gc.log,specjvm2008/verification_results/SPECjvm2008.068/SPECjvm2008.068.raw,specjvm2008/verification_results/SPECjvm2008.068/SPECjvm2008.068.txt,timeout --signal=TERM --kill-after=30s 900s /home/gubingren/java/java-se-7u75-ri/bin/java -XX:+PrintGCDetails -XX:+PrintGCTimeStamps -Xloggc:/home/gubingren/benchmarks/SPECjvm2008/oom_reverification_logs/oomverify__derby__xmx512m__r3.gc.log -Xmx512m -jar SPECjvm2008.jar --base -bt 16 derby
scimark_fft_large__xmx512m__r1,oomverify__scimark_fft_large__xmx512m__r1,scimark.fft.large,xmx512m,Run1,SPECjvm2008.055,SPECjvm2008.069,OutOfMemoryError during incomplete warmup; no measured score,0,0,64.000,65.000,16,16,121,121,60,60,1.5328460,1.5506620,0,2026-10-02T16:12:22+08:00,2026-10-02T16:13:27+08:00,true,false,61,true,logs/jvm_parameter/oom_reverification/oomverify__scimark_fft_large__xmx512m__r1.log,logs/jvm_parameter/oom_reverification/gc/oomverify__scimark_fft_large__xmx512m__r1.gc.log,specjvm2008/verification_results/SPECjvm2008.069/SPECjvm2008.069.raw,specjvm2008/verification_results/SPECjvm2008.069/SPECjvm2008.069.txt,timeout --signal=TERM --kill-after=30s 900s /home/gubingren/java/java-se-7u75-ri/bin/java -XX:+PrintGCDetails -XX:+PrintGCTimeStamps -Xloggc:/home/gubingren/benchmarks/SPECjvm2008/oom_reverification_logs/oomverify__scimark_fft_large__xmx512m__r1.gc.log -Xmx512m -jar SPECjvm2008.jar --base -bt 16 scimark.fft.large
scimark_fft_large__xmx1024m__r1,oomverify__scimark_fft_large__xmx1024m__r1,scimark.fft.large,xmx1024m,Run1,SPECjvm2008.056,SPECjvm2008.070,OutOfMemoryError during incomplete warmup; no measured score,0,0,69.000,71.000,10,10,75,71,36,34,1.4241440,1.5161920,0,2026-10-02T16:13:35+08:00,2026-10-02T16:14:46+08:00,true,false,37,true,logs/jvm_parameter/oom_reverification/oomverify__scimark_fft_large__xmx1024m__r1.log,logs/jvm_parameter/oom_reverification/gc/oomverify__scimark_fft_large__xmx1024m__r1.gc.log,specjvm2008/verification_results/SPECjvm2008.070/SPECjvm2008.070.raw,specjvm2008/verification_results/SPECjvm2008.070/SPECjvm2008.070.txt,timeout --signal=TERM --kill-after=30s 900s /home/gubingren/java/java-se-7u75-ri/bin/java -XX:+PrintGCDetails -XX:+PrintGCTimeStamps -Xloggc:/home/gubingren/benchmarks/SPECjvm2008/oom_reverification_logs/oomverify__scimark_fft_large__xmx1024m__r1.gc.log -Xmx1024m -jar SPECjvm2008.jar --base -bt 16 scimark.fft.large
scimark_fft_large__xmx512m__r2,oomverify__scimark_fft_large__xmx512m__r2,scimark.fft.large,xmx512m,Run2,SPECjvm2008.060,SPECjvm2008.071,OutOfMemoryError during incomplete warmup; no measured score,0,0,63.000,64.000,16,16,121,121,60,60,1.5716690,1.5769300,0,2026-10-02T16:14:54+08:00,2026-10-02T16:15:58+08:00,true,false,61,true,logs/jvm_parameter/oom_reverification/oomverify__scimark_fft_large__xmx512m__r2.log,logs/jvm_parameter/oom_reverification/gc/oomverify__scimark_fft_large__xmx512m__r2.gc.log,specjvm2008/verification_results/SPECjvm2008.071/SPECjvm2008.071.raw,specjvm2008/verification_results/SPECjvm2008.071/SPECjvm2008.071.txt,timeout --signal=TERM --kill-after=30s 900s /home/gubingren/java/java-se-7u75-ri/bin/java -XX:+PrintGCDetails -XX:+PrintGCTimeStamps -Xloggc:/home/gubingren/benchmarks/SPECjvm2008/oom_reverification_logs/oomverify__scimark_fft_large__xmx512m__r2.gc.log -Xmx512m -jar SPECjvm2008.jar --base -bt 16 scimark.fft.large
scimark_fft_large__xmx1024m__r2,oomverify__scimark_fft_large__xmx1024m__r2,scimark.fft.large,xmx1024m,Run2,SPECjvm2008.059,SPECjvm2008.072,OutOfMemoryError during incomplete warmup; no measured score,0,0,70.000,70.000,10,10,68,75,33,37,1.2244460,1.6659790,0,2026-10-02T16:16:07+08:00,2026-10-02T16:17:17+08:00,true,false,38,true,logs/jvm_parameter/oom_reverification/oomverify__scimark_fft_large__xmx1024m__r2.log,logs/jvm_parameter/oom_reverification/gc/oomverify__scimark_fft_large__xmx1024m__r2.gc.log,specjvm2008/verification_results/SPECjvm2008.072/SPECjvm2008.072.raw,specjvm2008/verification_results/SPECjvm2008.072/SPECjvm2008.072.txt,timeout --signal=TERM --kill-after=30s 900s /home/gubingren/java/java-se-7u75-ri/bin/java -XX:+PrintGCDetails -XX:+PrintGCTimeStamps -Xloggc:/home/gubingren/benchmarks/SPECjvm2008/oom_reverification_logs/oomverify__scimark_fft_large__xmx1024m__r2.gc.log -Xmx1024m -jar SPECjvm2008.jar --base -bt 16 scimark.fft.large
scimark_fft_large__xmx512m__r3,oomverify__scimark_fft_large__xmx512m__r3,scimark.fft.large,xmx512m,Run3,SPECjvm2008.062,SPECjvm2008.073,OutOfMemoryError during incomplete warmup; no measured score,0,0,64.000,63.000,16,16,121,121,60,60,1.5023890,1.5082270,0,2026-10-02T16:17:26+08:00,2026-10-02T16:18:29+08:00,true,false,61,true,logs/jvm_parameter/oom_reverification/oomverify__scimark_fft_large__xmx512m__r3.log,logs/jvm_parameter/oom_reverification/gc/oomverify__scimark_fft_large__xmx512m__r3.gc.log,specjvm2008/verification_results/SPECjvm2008.073/SPECjvm2008.073.raw,specjvm2008/verification_results/SPECjvm2008.073/SPECjvm2008.073.txt,timeout --signal=TERM --kill-after=30s 900s /home/gubingren/java/java-se-7u75-ri/bin/java -XX:+PrintGCDetails -XX:+PrintGCTimeStamps -Xloggc:/home/gubingren/benchmarks/SPECjvm2008/oom_reverification_logs/oomverify__scimark_fft_large__xmx512m__r3.gc.log -Xmx512m -jar SPECjvm2008.jar --base -bt 16 scimark.fft.large
scimark_fft_large__xmx1024m__r3,oomverify__scimark_fft_large__xmx1024m__r3,scimark.fft.large,xmx1024m,Run3,SPECjvm2008.065,SPECjvm2008.074,OutOfMemoryError during incomplete warmup; no measured score,0,0,71.000,71.000,10,10,75,71,36,35,1.5658830,1.8986430,0,2026-10-02T16:18:38+08:00,2026-10-02T16:19:49+08:00,true,false,36,true,logs/jvm_parameter/oom_reverification/oomverify__scimark_fft_large__xmx1024m__r3.log,logs/jvm_parameter/oom_reverification/gc/oomverify__scimark_fft_large__xmx1024m__r3.gc.log,specjvm2008/verification_results/SPECjvm2008.074/SPECjvm2008.074.raw,specjvm2008/verification_results/SPECjvm2008.074/SPECjvm2008.074.txt,timeout --signal=TERM --kill-after=30s 900s /home/gubingren/java/java-se-7u75-ri/bin/java -XX:+PrintGCDetails -XX:+PrintGCTimeStamps -Xloggc:/home/gubingren/benchmarks/SPECjvm2008/oom_reverification_logs/oomverify__scimark_fft_large__xmx1024m__r3.gc.log -Xmx1024m -jar SPECjvm2008.jar --base -bt 16 scimark.fft.large
